-- Shadowverse Battle Log - Seed Data
-- Generated by: node scripts/generate-seed-sql.mjs
-- Generated at: 2025-12-05T16:01:07.759Z
-- Note: D1 does not support BEGIN TRANSACTION syntax

-- deck_master data
DELETE FROM deck_master;
INSERT INTO deck_master (id, class_name, deck_name, sort_order, created_at, updated_at) VALUES ('1', 'ウィッチ', '土スペルウィッチ', 14, datetime('now'), datetime('now'));
INSERT INTO deck_master (id, class_name, deck_name, sort_order, created_at, updated_at) VALUES ('2', 'ロイヤル', 'ミッドレンジロイヤル', 19, datetime('now'), datetime('now'));
INSERT INTO deck_master (id, class_name, deck_name, sort_order, created_at, updated_at) VALUES ('3', 'ナイトメア', 'ミッドレンジナイトメア', 22, datetime('now'), datetime('now'));
INSERT INTO deck_master (id, class_name, deck_name, sort_order, created_at, updated_at) VALUES ('4', 'ナイトメア', 'アグロナイトメア', 23, datetime('now'), datetime('now'));
INSERT INTO deck_master (id, class_name, deck_name, sort_order, created_at, updated_at) VALUES ('5', 'ビショップ', '守護ビショップ', 9, datetime('now'), datetime('now'));
INSERT INTO deck_master (id, class_name, deck_name, sort_order, created_at, updated_at) VALUES ('6', 'エルフ', 'リノエルフ', 31, datetime('now'), datetime('now'));
INSERT INTO deck_master (id, class_name, deck_name, sort_order, created_at, updated_at) VALUES ('7', 'ウィッチ', 'スペルウィッチ', 15, datetime('now'), datetime('now'));
INSERT INTO deck_master (id, class_name, deck_name, sort_order, created_at, updated_at) VALUES ('8', 'ネメシス', 'アーティファクトネメシス', 24, datetime('now'), datetime('now'));
INSERT INTO deck_master (id, class_name, deck_name, sort_order, created_at, updated_at) VALUES ('9', 'ネメシス', '人形ネメシス', 4, datetime('now'), datetime('now'));
INSERT INTO deck_master (id, class_name, deck_name, sort_order, created_at, updated_at) VALUES ('10', 'ドラゴン', 'ほーちゃんドラゴン', 25, datetime('now'), datetime('now'));
INSERT INTO deck_master (id, class_name, deck_name, sort_order, created_at, updated_at) VALUES ('11', 'ドラゴン', '疾走ランプドラゴン', 13, datetime('now'), datetime('now'));
INSERT INTO deck_master (id, class_name, deck_name, sort_order, created_at, updated_at) VALUES ('12', 'ドラゴン', 'フェイスドラゴン', 26, datetime('now'), datetime('now'));
INSERT INTO deck_master (id, class_name, deck_name, sort_order, created_at, updated_at) VALUES ('13', 'エルフ', 'テンポエルフ', 32, datetime('now'), datetime('now'));
INSERT INTO deck_master (id, class_name, deck_name, sort_order, created_at, updated_at) VALUES ('14', 'ウィッチ', '秘術ウィッチ', 16, datetime('now'), datetime('now'));
INSERT INTO deck_master (id, class_name, deck_name, sort_order, created_at, updated_at) VALUES ('15', 'ロイヤル', 'アグロロイヤル', 20, datetime('now'), datetime('now'));
INSERT INTO deck_master (id, class_name, deck_name, sort_order, created_at, updated_at) VALUES ('16', 'ビショップ', 'コントロールビショップ', 33, datetime('now'), datetime('now'));
INSERT INTO deck_master (id, class_name, deck_name, sort_order, created_at, updated_at) VALUES ('17', 'エルフ', '薔薇エルフ', 10, datetime('now'), datetime('now'));
INSERT INTO deck_master (id, class_name, deck_name, sort_order, created_at, updated_at) VALUES ('18', 'ロイヤル', '潜伏ロイヤル', 21, datetime('now'), datetime('now'));
INSERT INTO deck_master (id, class_name, deck_name, sort_order, created_at, updated_at) VALUES ('19', 'ビショップ', '疾走ビショップ', 34, datetime('now'), datetime('now'));
INSERT INTO deck_master (id, class_name, deck_name, sort_order, created_at, updated_at) VALUES ('20', 'ロイヤル', '財宝ロイヤル', 3, datetime('now'), datetime('now'));
INSERT INTO deck_master (id, class_name, deck_name, sort_order, created_at, updated_at) VALUES ('21', 'ビショップ', 'クレストビショップ', 8, datetime('now'), datetime('now'));
INSERT INTO deck_master (id, class_name, deck_name, sort_order, created_at, updated_at) VALUES ('22', 'ドラゴン', '侮蔑ドラゴン', 29, datetime('now'), datetime('now'));
INSERT INTO deck_master (id, class_name, deck_name, sort_order, created_at, updated_at) VALUES ('23', 'ネメシス', '破壊ネメシス', 5, datetime('now'), datetime('now'));
INSERT INTO deck_master (id, class_name, deck_name, sort_order, created_at, updated_at) VALUES ('24', 'ナイトメア', 'モードナイトメア', 7, datetime('now'), datetime('now'));
INSERT INTO deck_master (id, class_name, deck_name, sort_order, created_at, updated_at) VALUES ('25', 'ドラゴン', '石板ドラゴン', 27, datetime('now'), datetime('now'));
INSERT INTO deck_master (id, class_name, deck_name, sort_order, created_at, updated_at) VALUES ('26', 'ドラゴン', 'マゼルドラゴン', 28, datetime('now'), datetime('now'));
INSERT INTO deck_master (id, class_name, deck_name, sort_order, created_at, updated_at) VALUES ('27', 'ウィッチ', '石板ウィッチ', 17, datetime('now'), datetime('now'));
INSERT INTO deck_master (id, class_name, deck_name, sort_order, created_at, updated_at) VALUES ('28', 'ウィッチ', 'ライオウィッチ', 18, datetime('now'), datetime('now'));
INSERT INTO deck_master (id, class_name, deck_name, sort_order, created_at, updated_at) VALUES ('29', 'エルフ', 'エズディアエルフ', 30, datetime('now'), datetime('now'));
INSERT INTO deck_master (id, class_name, deck_name, sort_order, created_at, updated_at) VALUES ('30', 'ウィッチ', '秘術進化ウィッチ', 1, datetime('now'), datetime('now'));
INSERT INTO deck_master (id, class_name, deck_name, sort_order, created_at, updated_at) VALUES ('31', 'エルフ', '進化エルフ', 11, datetime('now'), datetime('now'));
INSERT INTO deck_master (id, class_name, deck_name, sort_order, created_at, updated_at) VALUES ('32', 'ドラゴン', '進化ドラゴン', 12, datetime('now'), datetime('now'));
INSERT INTO deck_master (id, class_name, deck_name, sort_order, created_at, updated_at) VALUES ('33', 'ナイトメア', '進化ナイトメア', 6, datetime('now'), datetime('now'));
INSERT INTO deck_master (id, class_name, deck_name, sort_order, created_at, updated_at) VALUES ('34', 'ロイヤル', '進化ロイヤル', 2, datetime('now'), datetime('now'));

-- my_decks data
DELETE FROM my_decks;
INSERT INTO my_decks (id, user_id, deck_code, deck_name, is_active, created_at, updated_at) VALUES ('1', NULL, '3.1.3.1.3.1.3.1.3.1.3.1.3.1.3.1.3.1.3.1.3.1.3.1.3.1.3.1.3.1.3.1.3.1.3.1.3.1.3.1.3.1', '秘術オデンスペル', 1, '2024-01-01T00:00:00.000Z', datetime('now'));
INSERT INTO my_decks (id, user_id, deck_code, deck_name, is_active, created_at, updated_at) VALUES ('2', NULL, '3.1.3.1.3.1.3.1.3.1.3.1.3.1.3.1.3.1.3.1.3.1.3.1.3.1.3.1.3.1.3.1.3.1.3.1.3.1.3.1.3.1', '秘術進化ウィッチ', 1, '2024-01-01T00:00:00.000Z', datetime('now'));

-- battle_logs data
DELETE FROM battle_logs;
INSERT INTO battle_logs (id, user_id, date, battle_type, rank, group_name, my_deck_id, turn, result, opponent_deck_id, season, created_at, updated_at) VALUES ('1', NULL, '2025-08-07', '0', 'サファイア', 'A', '1', '後攻', 'WIN', '3', 2, datetime('now'), datetime('now'));
INSERT INTO battle_logs (id, user_id, date, battle_type, rank, group_name, my_deck_id, turn, result, opponent_deck_id, season, created_at, updated_at) VALUES ('2', NULL, '2025-08-07', '0', 'サファイア', 'A', '1', '先行', 'WIN', '6', 2, datetime('now'), datetime('now'));
INSERT INTO battle_logs (id, user_id, date, battle_type, rank, group_name, my_deck_id, turn, result, opponent_deck_id, season, created_at, updated_at) VALUES ('3', NULL, '2025-08-07', '1', 'サファイア', 'A', '1', '先行', 'LOSE', '5', 2, datetime('now'), datetime('now'));
INSERT INTO battle_logs (id, user_id, date, battle_type, rank, group_name, my_deck_id, turn, result, opponent_deck_id, season, created_at, updated_at) VALUES ('4', NULL, '2025-08-07', '0', 'サファイア', 'A', '1', '先行', 'WIN', '3', 2, datetime('now'), datetime('now'));
INSERT INTO battle_logs (id, user_id, date, battle_type, rank, group_name, my_deck_id, turn, result, opponent_deck_id, season, created_at, updated_at) VALUES ('5', NULL, '2025-08-08', '1', '-', '-', '1', '後攻', 'LOSE', '4', 2, datetime('now'), datetime('now'));
INSERT INTO battle_logs (id, user_id, date, battle_type, rank, group_name, my_deck_id, turn, result, opponent_deck_id, season, created_at, updated_at) VALUES ('6', NULL, '2025-08-08', '1', 'サファイア', 'A', '1', '後攻', 'LOSE', '4', 2, datetime('now'), datetime('now'));
INSERT INTO battle_logs (id, user_id, date, battle_type, rank, group_name, my_deck_id, turn, result, opponent_deck_id, season, created_at, updated_at) VALUES ('7', NULL, '2025-08-08', '0', 'サファイア', 'A', '1', '先行', 'WIN', '5', 2, datetime('now'), datetime('now'));
INSERT INTO battle_logs (id, user_id, date, battle_type, rank, group_name, my_deck_id, turn, result, opponent_deck_id, season, created_at, updated_at) VALUES ('8', NULL, '2025-08-08', '0', 'サファイア', 'A', '1', '後攻', 'WIN', '2', 2, datetime('now'), datetime('now'));
INSERT INTO battle_logs (id, user_id, date, battle_type, rank, group_name, my_deck_id, turn, result, opponent_deck_id, season, created_at, updated_at) VALUES ('9', NULL, '2025-08-08', '0', 'サファイア', 'A', '1', '後攻', 'WIN', '1', 2, datetime('now'), datetime('now'));
INSERT INTO battle_logs (id, user_id, date, battle_type, rank, group_name, my_deck_id, turn, result, opponent_deck_id, season, created_at, updated_at) VALUES ('10', NULL, '2025-08-08', '0', 'サファイア', 'A', '1', '先行', 'WIN', '14', 2, datetime('now'), datetime('now'));
INSERT INTO battle_logs (id, user_id, date, battle_type, rank, group_name, my_deck_id, turn, result, opponent_deck_id, season, created_at, updated_at) VALUES ('11', NULL, '2025-08-08', '1', 'サファイア', 'A', '1', '後攻', 'LOSE', '2', 2, datetime('now'), datetime('now'));
INSERT INTO battle_logs (id, user_id, date, battle_type, rank, group_name, my_deck_id, turn, result, opponent_deck_id, season, created_at, updated_at) VALUES ('12', NULL, '2025-08-08', '0', 'サファイア', 'A', '1', '後攻', 'WIN', '7', 2, datetime('now'), datetime('now'));
INSERT INTO battle_logs (id, user_id, date, battle_type, rank, group_name, my_deck_id, turn, result, opponent_deck_id, season, created_at, updated_at) VALUES ('13', NULL, '2025-08-08', '0', 'サファイア', 'A', '1', '後攻', 'WIN', '2', 2, datetime('now'), datetime('now'));
INSERT INTO battle_logs (id, user_id, date, battle_type, rank, group_name, my_deck_id, turn, result, opponent_deck_id, season, created_at, updated_at) VALUES ('14', NULL, '2025-08-08', '1', 'サファイア', 'A', '1', '先行', 'LOSE', '1', 2, datetime('now'), datetime('now'));
INSERT INTO battle_logs (id, user_id, date, battle_type, rank, group_name, my_deck_id, turn, result, opponent_deck_id, season, created_at, updated_at) VALUES ('15', NULL, '2025-08-09', '0', 'サファイア', 'A', '1', '先行', 'WIN', '19', 2, datetime('now'), datetime('now'));
INSERT INTO battle_logs (id, user_id, date, battle_type, rank, group_name, my_deck_id, turn, result, opponent_deck_id, season, created_at, updated_at) VALUES ('16', NULL, '2025-08-09', '1', 'サファイア', 'A', '1', '後攻', 'LOSE', '3', 2, datetime('now'), datetime('now'));
INSERT INTO battle_logs (id, user_id, date, battle_type, rank, group_name, my_deck_id, turn, result, opponent_deck_id, season, created_at, updated_at) VALUES ('17', NULL, '2025-08-09', '0', 'サファイア', 'A', '1', '先行', 'WIN', '2', 2, datetime('now'), datetime('now'));
INSERT INTO battle_logs (id, user_id, date, battle_type, rank, group_name, my_deck_id, turn, result, opponent_deck_id, season, created_at, updated_at) VALUES ('18', NULL, '2025-08-09', '1', 'サファイア', 'A', '1', '後攻', 'LOSE', '12', 2, datetime('now'), datetime('now'));
INSERT INTO battle_logs (id, user_id, date, battle_type, rank, group_name, my_deck_id, turn, result, opponent_deck_id, season, created_at, updated_at) VALUES ('19', NULL, '2025-08-09', '0', 'サファイア', 'A', '1', '先行', 'WIN', '4', 2, datetime('now'), datetime('now'));
INSERT INTO battle_logs (id, user_id, date, battle_type, rank, group_name, my_deck_id, turn, result, opponent_deck_id, season, created_at, updated_at) VALUES ('20', NULL, '2025-08-09', '1', 'サファイア', 'A', '1', '先行', 'LOSE', '2', 2, datetime('now'), datetime('now'));
INSERT INTO battle_logs (id, user_id, date, battle_type, rank, group_name, my_deck_id, turn, result, opponent_deck_id, season, created_at, updated_at) VALUES ('21', NULL, '2025-08-09', '0', 'サファイア', 'A', '1', '先行', 'WIN', '1', 2, datetime('now'), datetime('now'));
INSERT INTO battle_logs (id, user_id, date, battle_type, rank, group_name, my_deck_id, turn, result, opponent_deck_id, season, created_at, updated_at) VALUES ('22', NULL, '2025-08-09', '0', 'サファイア', 'A', '1', '後攻', 'WIN', '2', 2, datetime('now'), datetime('now'));
INSERT INTO battle_logs (id, user_id, date, battle_type, rank, group_name, my_deck_id, turn, result, opponent_deck_id, season, created_at, updated_at) VALUES ('23', NULL, '2025-08-09', '0', 'ダイアモンド', 'A', '1', '後攻', 'WIN', '2', 2, datetime('now'), datetime('now'));
INSERT INTO battle_logs (id, user_id, date, battle_type, rank, group_name, my_deck_id, turn, result, opponent_deck_id, season, created_at, updated_at) VALUES ('24', NULL, '2025-08-09', '1', 'ダイアモンド', 'A', '1', '後攻', 'LOSE', '2', 2, datetime('now'), datetime('now'));
INSERT INTO battle_logs (id, user_id, date, battle_type, rank, group_name, my_deck_id, turn, result, opponent_deck_id, season, created_at, updated_at) VALUES ('25', NULL, '2025-08-09', '1', 'ダイアモンド', 'A', '1', '後攻', 'LOSE', '3', 2, datetime('now'), datetime('now'));
INSERT INTO battle_logs (id, user_id, date, battle_type, rank, group_name, my_deck_id, turn, result, opponent_deck_id, season, created_at, updated_at) VALUES ('26', NULL, '2025-08-09', '1', 'ダイアモンド', 'A', '1', '後攻', 'LOSE', '4', 2, datetime('now'), datetime('now'));
INSERT INTO battle_logs (id, user_id, date, battle_type, rank, group_name, my_deck_id, turn, result, opponent_deck_id, season, created_at, updated_at) VALUES ('27', NULL, '2025-08-09', '0', 'ダイアモンド', 'A', '1', '後攻', 'WIN', '9', 2, datetime('now'), datetime('now'));
INSERT INTO battle_logs (id, user_id, date, battle_type, rank, group_name, my_deck_id, turn, result, opponent_deck_id, season, created_at, updated_at) VALUES ('28', NULL, '2025-08-09', '1', 'ダイアモンド', 'A', '1', '後攻', 'LOSE', '17', 2, datetime('now'), datetime('now'));
INSERT INTO battle_logs (id, user_id, date, battle_type, rank, group_name, my_deck_id, turn, result, opponent_deck_id, season, created_at, updated_at) VALUES ('29', NULL, '2025-08-09', '1', 'ダイアモンド', 'A', '1', '先行', 'LOSE', '3', 2, datetime('now'), datetime('now'));
INSERT INTO battle_logs (id, user_id, date, battle_type, rank, group_name, my_deck_id, turn, result, opponent_deck_id, season, created_at, updated_at) VALUES ('30', NULL, '2025-08-09', '1', 'ダイアモンド', 'A', '1', '先行', 'LOSE', '1', 2, datetime('now'), datetime('now'));
INSERT INTO battle_logs (id, user_id, date, battle_type, rank, group_name, my_deck_id, turn, result, opponent_deck_id, season, created_at, updated_at) VALUES ('31', NULL, '2025-08-09', '1', 'ダイアモンド', 'A', '1', '先行', 'LOSE', '2', 2, datetime('now'), datetime('now'));
INSERT INTO battle_logs (id, user_id, date, battle_type, rank, group_name, my_deck_id, turn, result, opponent_deck_id, season, created_at, updated_at) VALUES ('32', NULL, '2025-08-09', '0', 'ダイアモンド', 'A', '1', '先行', 'WIN', '1', 2, datetime('now'), datetime('now'));
INSERT INTO battle_logs (id, user_id, date, battle_type, rank, group_name, my_deck_id, turn, result, opponent_deck_id, season, created_at, updated_at) VALUES ('33', NULL, '2025-08-09', '0', 'ダイアモンド', 'A', '1', '後攻', 'WIN', '1', 2, datetime('now'), datetime('now'));
INSERT INTO battle_logs (id, user_id, date, battle_type, rank, group_name, my_deck_id, turn, result, opponent_deck_id, season, created_at, updated_at) VALUES ('34', NULL, '2025-08-09', '1', 'ダイアモンド', 'A', '1', '後攻', 'LOSE', '2', 2, datetime('now'), datetime('now'));
INSERT INTO battle_logs (id, user_id, date, battle_type, rank, group_name, my_deck_id, turn, result, opponent_deck_id, season, created_at, updated_at) VALUES ('35', NULL, '2025-08-09', '0', 'ダイアモンド', 'A', '1', '先行', 'WIN', '2', 2, datetime('now'), datetime('now'));
INSERT INTO battle_logs (id, user_id, date, battle_type, rank, group_name, my_deck_id, turn, result, opponent_deck_id, season, created_at, updated_at) VALUES ('36', NULL, '2025-08-09', '1', '', 'A', '1', '先行', 'LOSE', '3', 2, datetime('now'), datetime('now'));
INSERT INTO battle_logs (id, user_id, date, battle_type, rank, group_name, my_deck_id, turn, result, opponent_deck_id, season, created_at, updated_at) VALUES ('37', NULL, '2025-08-09', '0', '', 'A', '1', '先行', 'WIN', '9', 2, datetime('now'), datetime('now'));
INSERT INTO battle_logs (id, user_id, date, battle_type, rank, group_name, my_deck_id, turn, result, opponent_deck_id, season, created_at, updated_at) VALUES ('38', NULL, '2025-08-09', '0', '', 'A', '1', '後攻', 'WIN', '5', 2, datetime('now'), datetime('now'));
INSERT INTO battle_logs (id, user_id, date, battle_type, rank, group_name, my_deck_id, turn, result, opponent_deck_id, season, created_at, updated_at) VALUES ('39', NULL, '2025-08-09', '0', '', 'A', '1', '後攻', 'WIN', '11', 2, datetime('now'), datetime('now'));
INSERT INTO battle_logs (id, user_id, date, battle_type, rank, group_name, my_deck_id, turn, result, opponent_deck_id, season, created_at, updated_at) VALUES ('40', NULL, '2025-08-10', '1', 'ダイアモンド', 'A', '1', '先行', 'LOSE', '2', 2, datetime('now'), datetime('now'));
INSERT INTO battle_logs (id, user_id, date, battle_type, rank, group_name, my_deck_id, turn, result, opponent_deck_id, season, created_at, updated_at) VALUES ('41', NULL, '2025-08-10', '1', 'ダイアモンド', 'A', '1', '後攻', 'LOSE', '2', 2, datetime('now'), datetime('now'));
INSERT INTO battle_logs (id, user_id, date, battle_type, rank, group_name, my_deck_id, turn, result, opponent_deck_id, season, created_at, updated_at) VALUES ('42', NULL, '2025-08-10', '0', 'ダイアモンド', 'A', '1', '先行', 'WIN', '3', 2, datetime('now'), datetime('now'));
INSERT INTO battle_logs (id, user_id, date, battle_type, rank, group_name, my_deck_id, turn, result, opponent_deck_id, season, created_at, updated_at) VALUES ('43', NULL, '2025-08-10', '1', 'ダイアモンド', 'A', '1', '先行', 'LOSE', '2', 2, datetime('now'), datetime('now'));
INSERT INTO battle_logs (id, user_id, date, battle_type, rank, group_name, my_deck_id, turn, result, opponent_deck_id, season, created_at, updated_at) VALUES ('44', NULL, '2025-08-10', '1', 'サファイア', 'A', '1', '先行', 'LOSE', '5', 2, datetime('now'), datetime('now'));
INSERT INTO battle_logs (id, user_id, date, battle_type, rank, group_name, my_deck_id, turn, result, opponent_deck_id, season, created_at, updated_at) VALUES ('45', NULL, '2025-08-10', '1', 'サファイア', 'A', '1', '先行', 'LOSE', '9', 2, datetime('now'), datetime('now'));
INSERT INTO battle_logs (id, user_id, date, battle_type, rank, group_name, my_deck_id, turn, result, opponent_deck_id, season, created_at, updated_at) VALUES ('46', NULL, '2025-08-10', '0', 'サファイア', 'A', '1', '先行', 'WIN', '2', 2, datetime('now'), datetime('now'));
INSERT INTO battle_logs (id, user_id, date, battle_type, rank, group_name, my_deck_id, turn, result, opponent_deck_id, season, created_at, updated_at) VALUES ('47', NULL, '2025-08-10', '1', 'サファイア', 'A', '1', '後攻', 'LOSE', '10', 2, datetime('now'), datetime('now'));
INSERT INTO battle_logs (id, user_id, date, battle_type, rank, group_name, my_deck_id, turn, result, opponent_deck_id, season, created_at, updated_at) VALUES ('48', NULL, '2025-08-10', '0', 'サファイア', 'A', '1', '後攻', 'WIN', '10', 2, datetime('now'), datetime('now'));
INSERT INTO battle_logs (id, user_id, date, battle_type, rank, group_name, my_deck_id, turn, result, opponent_deck_id, season, created_at, updated_at) VALUES ('49', NULL, '2025-08-10', '0', 'サファイア', 'A', '1', '先行', 'WIN', '3', 2, datetime('now'), datetime('now'));
INSERT INTO battle_logs (id, user_id, date, battle_type, rank, group_name, my_deck_id, turn, result, opponent_deck_id, season, created_at, updated_at) VALUES ('50', NULL, '2025-08-10', '1', 'サファイア', 'A', '1', '後攻', 'LOSE', '1', 2, datetime('now'), datetime('now'));
INSERT INTO battle_logs (id, user_id, date, battle_type, rank, group_name, my_deck_id, turn, result, opponent_deck_id, season, created_at, updated_at) VALUES ('51', NULL, '2025-08-10', '1', 'サファイア', 'A', '1', '後攻', 'LOSE', '2', 2, datetime('now'), datetime('now'));
INSERT INTO battle_logs (id, user_id, date, battle_type, rank, group_name, my_deck_id, turn, result, opponent_deck_id, season, created_at, updated_at) VALUES ('52', NULL, '2025-08-10', '1', 'サファイア', 'A', '1', '先行', 'LOSE', '14', 2, datetime('now'), datetime('now'));
INSERT INTO battle_logs (id, user_id, date, battle_type, rank, group_name, my_deck_id, turn, result, opponent_deck_id, season, created_at, updated_at) VALUES ('53', NULL, '2025-08-10', '0', 'サファイア', 'A', '1', '後攻', 'WIN', '2', 2, datetime('now'), datetime('now'));
INSERT INTO battle_logs (id, user_id, date, battle_type, rank, group_name, my_deck_id, turn, result, opponent_deck_id, season, created_at, updated_at) VALUES ('54', NULL, '2025-08-11', '0', 'サファイア', 'A', '1', '先行', 'WIN', '1', 2, datetime('now'), datetime('now'));
INSERT INTO battle_logs (id, user_id, date, battle_type, rank, group_name, my_deck_id, turn, result, opponent_deck_id, season, created_at, updated_at) VALUES ('55', NULL, '2025-08-11', '1', 'サファイア', 'A', '1', '後攻', 'LOSE', '2', 2, datetime('now'), datetime('now'));
INSERT INTO battle_logs (id, user_id, date, battle_type, rank, group_name, my_deck_id, turn, result, opponent_deck_id, season, created_at, updated_at) VALUES ('56', NULL, '2025-08-11', '0', 'サファイア', 'A', '1', '後攻', 'WIN', '9', 2, datetime('now'), datetime('now'));
INSERT INTO battle_logs (id, user_id, date, battle_type, rank, group_name, my_deck_id, turn, result, opponent_deck_id, season, created_at, updated_at) VALUES ('57', NULL, '2025-08-11', '1', 'サファイア', 'A', '1', '後攻', 'LOSE', '3', 2, datetime('now'), datetime('now'));
INSERT INTO battle_logs (id, user_id, date, battle_type, rank, group_name, my_deck_id, turn, result, opponent_deck_id, season, created_at, updated_at) VALUES ('58', NULL, '2025-08-11', '0', 'サファイア', 'A', '1', '後攻', 'WIN', '3', 2, datetime('now'), datetime('now'));
INSERT INTO battle_logs (id, user_id, date, battle_type, rank, group_name, my_deck_id, turn, result, opponent_deck_id, season, created_at, updated_at) VALUES ('59', NULL, '2025-08-11', '1', 'サファイア', 'A', '1', '先行', 'LOSE', '1', 2, datetime('now'), datetime('now'));
INSERT INTO battle_logs (id, user_id, date, battle_type, rank, group_name, my_deck_id, turn, result, opponent_deck_id, season, created_at, updated_at) VALUES ('60', NULL, '2025-08-11', '0', 'サファイア', 'A', '1', '後攻', 'WIN', '2', 2, datetime('now'), datetime('now'));
INSERT INTO battle_logs (id, user_id, date, battle_type, rank, group_name, my_deck_id, turn, result, opponent_deck_id, season, created_at, updated_at) VALUES ('61', NULL, '2025-08-12', '1', 'サファイア', 'A', '1', '先行', 'LOSE', '5', 2, datetime('now'), datetime('now'));
INSERT INTO battle_logs (id, user_id, date, battle_type, rank, group_name, my_deck_id, turn, result, opponent_deck_id, season, created_at, updated_at) VALUES ('62', NULL, '2025-08-12', '1', 'サファイア', 'A', '1', '後攻', 'LOSE', '4', 2, datetime('now'), datetime('now'));
INSERT INTO battle_logs (id, user_id, date, battle_type, rank, group_name, my_deck_id, turn, result, opponent_deck_id, season, created_at, updated_at) VALUES ('63', NULL, '2025-08-12', '0', 'サファイア', 'A', '1', '先行', 'WIN', '2', 2, datetime('now'), datetime('now'));
INSERT INTO battle_logs (id, user_id, date, battle_type, rank, group_name, my_deck_id, turn, result, opponent_deck_id, season, created_at, updated_at) VALUES ('64', NULL, '2025-08-13', '0', 'サファイア', 'A', '1', '後攻', 'WIN', '2', 2, datetime('now'), datetime('now'));
INSERT INTO battle_logs (id, user_id, date, battle_type, rank, group_name, my_deck_id, turn, result, opponent_deck_id, season, created_at, updated_at) VALUES ('65', NULL, '2025-08-13', '0', 'サファイア', 'A', '1', '先行', 'WIN', '9', 2, datetime('now'), datetime('now'));
INSERT INTO battle_logs (id, user_id, date, battle_type, rank, group_name, my_deck_id, turn, result, opponent_deck_id, season, created_at, updated_at) VALUES ('66', NULL, '2025-08-13', '0', 'サファイア', 'A', '1', '先行', 'WIN', '1', 2, datetime('now'), datetime('now'));
INSERT INTO battle_logs (id, user_id, date, battle_type, rank, group_name, my_deck_id, turn, result, opponent_deck_id, season, created_at, updated_at) VALUES ('67', NULL, '2025-08-13', '1', 'サファイア', 'A', '1', '後攻', 'LOSE', '8', 2, datetime('now'), datetime('now'));
INSERT INTO battle_logs (id, user_id, date, battle_type, rank, group_name, my_deck_id, turn, result, opponent_deck_id, season, created_at, updated_at) VALUES ('68', NULL, '2025-08-13', '1', 'サファイア', 'A', '1', '先行', 'LOSE', '2', 2, datetime('now'), datetime('now'));
INSERT INTO battle_logs (id, user_id, date, battle_type, rank, group_name, my_deck_id, turn, result, opponent_deck_id, season, created_at, updated_at) VALUES ('69', NULL, '2025-08-13', '0', 'サファイア', 'A', '1', '後攻', 'WIN', '1', 2, datetime('now'), datetime('now'));
INSERT INTO battle_logs (id, user_id, date, battle_type, rank, group_name, my_deck_id, turn, result, opponent_deck_id, season, created_at, updated_at) VALUES ('70', NULL, '2025-08-14', '1', 'サファイア', 'A', '1', '後攻', 'LOSE', '1', 2, datetime('now'), datetime('now'));
INSERT INTO battle_logs (id, user_id, date, battle_type, rank, group_name, my_deck_id, turn, result, opponent_deck_id, season, created_at, updated_at) VALUES ('71', NULL, '2025-08-14', '0', 'サファイア', 'A', '1', '先行', 'WIN', '1', 2, datetime('now'), datetime('now'));
INSERT INTO battle_logs (id, user_id, date, battle_type, rank, group_name, my_deck_id, turn, result, opponent_deck_id, season, created_at, updated_at) VALUES ('72', NULL, '2025-08-14', '0', 'サファイア', 'A', '1', '先行', 'WIN', '2', 2, datetime('now'), datetime('now'));
INSERT INTO battle_logs (id, user_id, date, battle_type, rank, group_name, my_deck_id, turn, result, opponent_deck_id, season, created_at, updated_at) VALUES ('73', NULL, '2025-08-14', '1', 'サファイア', 'A', '1', '後攻', 'LOSE', '12', 2, datetime('now'), datetime('now'));
INSERT INTO battle_logs (id, user_id, date, battle_type, rank, group_name, my_deck_id, turn, result, opponent_deck_id, season, created_at, updated_at) VALUES ('74', NULL, '2025-08-14', '1', 'サファイア', 'A', '1', '先行', 'LOSE', '5', 2, datetime('now'), datetime('now'));
INSERT INTO battle_logs (id, user_id, date, battle_type, rank, group_name, my_deck_id, turn, result, opponent_deck_id, season, created_at, updated_at) VALUES ('75', NULL, '2025-08-14', '1', 'サファイア', 'A', '1', '後攻', 'LOSE', '2', 2, datetime('now'), datetime('now'));
INSERT INTO battle_logs (id, user_id, date, battle_type, rank, group_name, my_deck_id, turn, result, opponent_deck_id, season, created_at, updated_at) VALUES ('76', NULL, '2025-08-14', '1', 'サファイア', 'A', '1', '先行', 'LOSE', '1', 2, datetime('now'), datetime('now'));
INSERT INTO battle_logs (id, user_id, date, battle_type, rank, group_name, my_deck_id, turn, result, opponent_deck_id, season, created_at, updated_at) VALUES ('77', NULL, '2025-08-14', '0', 'サファイア', 'A', '1', '後攻', 'WIN', '1', 2, datetime('now'), datetime('now'));
INSERT INTO battle_logs (id, user_id, date, battle_type, rank, group_name, my_deck_id, turn, result, opponent_deck_id, season, created_at, updated_at) VALUES ('78', NULL, '2025-08-14', '1', 'サファイア', 'A', '1', '後攻', 'LOSE', '2', 2, datetime('now'), datetime('now'));
INSERT INTO battle_logs (id, user_id, date, battle_type, rank, group_name, my_deck_id, turn, result, opponent_deck_id, season, created_at, updated_at) VALUES ('79', NULL, '2025-08-14', '1', 'サファイア', 'A', '1', '後攻', 'LOSE', '2', 2, datetime('now'), datetime('now'));
INSERT INTO battle_logs (id, user_id, date, battle_type, rank, group_name, my_deck_id, turn, result, opponent_deck_id, season, created_at, updated_at) VALUES ('80', NULL, '2025-08-14', '1', 'サファイア', 'A', '1', '後攻', 'LOSE', '4', 2, datetime('now'), datetime('now'));
INSERT INTO battle_logs (id, user_id, date, battle_type, rank, group_name, my_deck_id, turn, result, opponent_deck_id, season, created_at, updated_at) VALUES ('81', NULL, '2025-08-14', '0', 'ルビー', 'A', '1', '先行', 'WIN', '6', 2, datetime('now'), datetime('now'));
INSERT INTO battle_logs (id, user_id, date, battle_type, rank, group_name, my_deck_id, turn, result, opponent_deck_id, season, created_at, updated_at) VALUES ('82', NULL, '2025-08-14', '1', 'ルビー', 'A', '1', '先行', 'LOSE', '10', 2, datetime('now'), datetime('now'));
INSERT INTO battle_logs (id, user_id, date, battle_type, rank, group_name, my_deck_id, turn, result, opponent_deck_id, season, created_at, updated_at) VALUES ('83', NULL, '2025-08-14', '0', 'ルビー', 'A', '1', '後攻', 'WIN', '6', 2, datetime('now'), datetime('now'));
INSERT INTO battle_logs (id, user_id, date, battle_type, rank, group_name, my_deck_id, turn, result, opponent_deck_id, season, created_at, updated_at) VALUES ('84', NULL, '2025-08-14', '0', 'ルビー', 'A', '1', '先行', 'WIN', '9', 2, datetime('now'), datetime('now'));
INSERT INTO battle_logs (id, user_id, date, battle_type, rank, group_name, my_deck_id, turn, result, opponent_deck_id, season, created_at, updated_at) VALUES ('85', NULL, '2025-08-15', '0', 'ルビー', 'AA', '1', '先行', 'WIN', '1', 2, datetime('now'), datetime('now'));
INSERT INTO battle_logs (id, user_id, date, battle_type, rank, group_name, my_deck_id, turn, result, opponent_deck_id, season, created_at, updated_at) VALUES ('86', NULL, '2025-08-15', '1', 'ルビー', 'AA', '1', '先行', 'LOSE', '1', 2, datetime('now'), datetime('now'));
INSERT INTO battle_logs (id, user_id, date, battle_type, rank, group_name, my_deck_id, turn, result, opponent_deck_id, season, created_at, updated_at) VALUES ('87', NULL, '2025-08-15', '1', 'ルビー', 'AA', '1', '後攻', 'LOSE', '6', 2, datetime('now'), datetime('now'));
INSERT INTO battle_logs (id, user_id, date, battle_type, rank, group_name, my_deck_id, turn, result, opponent_deck_id, season, created_at, updated_at) VALUES ('88', NULL, '2025-08-15', '0', 'ルビー', 'AA', '1', '先行', 'WIN', '5', 2, datetime('now'), datetime('now'));
INSERT INTO battle_logs (id, user_id, date, battle_type, rank, group_name, my_deck_id, turn, result, opponent_deck_id, season, created_at, updated_at) VALUES ('89', NULL, '2025-08-15', '0', 'ルビー', 'AA', '1', '先行', 'WIN', '5', 2, datetime('now'), datetime('now'));
INSERT INTO battle_logs (id, user_id, date, battle_type, rank, group_name, my_deck_id, turn, result, opponent_deck_id, season, created_at, updated_at) VALUES ('90', NULL, '2025-08-15', '0', 'ルビー', 'AA', '1', '先行', 'WIN', '2', 2, datetime('now'), datetime('now'));
INSERT INTO battle_logs (id, user_id, date, battle_type, rank, group_name, my_deck_id, turn, result, opponent_deck_id, season, created_at, updated_at) VALUES ('91', NULL, '2025-08-15', '1', 'ルビー', 'AA', '1', '後攻', 'LOSE', '10', 2, datetime('now'), datetime('now'));
INSERT INTO battle_logs (id, user_id, date, battle_type, rank, group_name, my_deck_id, turn, result, opponent_deck_id, season, created_at, updated_at) VALUES ('92', NULL, '2025-08-15', '1', 'ルビー', 'AA', '1', '先行', 'LOSE', '1', 2, datetime('now'), datetime('now'));
INSERT INTO battle_logs (id, user_id, date, battle_type, rank, group_name, my_deck_id, turn, result, opponent_deck_id, season, created_at, updated_at) VALUES ('93', NULL, '2025-08-15', '0', 'ルビー', 'AA', '1', '後攻', 'WIN', '4', 2, datetime('now'), datetime('now'));
INSERT INTO battle_logs (id, user_id, date, battle_type, rank, group_name, my_deck_id, turn, result, opponent_deck_id, season, created_at, updated_at) VALUES ('94', NULL, '2025-08-16', '0', 'ルビー', 'AA', '1', '先行', 'WIN', '8', 2, datetime('now'), datetime('now'));
INSERT INTO battle_logs (id, user_id, date, battle_type, rank, group_name, my_deck_id, turn, result, opponent_deck_id, season, created_at, updated_at) VALUES ('95', NULL, '2025-08-16', '0', 'ルビー', 'AA', '1', '先行', 'WIN', '8', 2, datetime('now'), datetime('now'));
INSERT INTO battle_logs (id, user_id, date, battle_type, rank, group_name, my_deck_id, turn, result, opponent_deck_id, season, created_at, updated_at) VALUES ('96', NULL, '2025-08-17', '0', 'ルビー', 'AA', '1', '先行', 'WIN', '10', 2, datetime('now'), datetime('now'));
INSERT INTO battle_logs (id, user_id, date, battle_type, rank, group_name, my_deck_id, turn, result, opponent_deck_id, season, created_at, updated_at) VALUES ('97', NULL, '2025-08-17', '1', 'ルビー', 'AA', '1', '先行', 'LOSE', '10', 2, datetime('now'), datetime('now'));
INSERT INTO battle_logs (id, user_id, date, battle_type, rank, group_name, my_deck_id, turn, result, opponent_deck_id, season, created_at, updated_at) VALUES ('98', NULL, '2025-08-17', '1', 'ルビー', 'AA', '1', '後攻', 'LOSE', '17', 2, datetime('now'), datetime('now'));
INSERT INTO battle_logs (id, user_id, date, battle_type, rank, group_name, my_deck_id, turn, result, opponent_deck_id, season, created_at, updated_at) VALUES ('99', NULL, '2025-08-17', '0', 'ルビー', 'AA', '1', '先行', 'WIN', '2', 2, datetime('now'), datetime('now'));
INSERT INTO battle_logs (id, user_id, date, battle_type, rank, group_name, my_deck_id, turn, result, opponent_deck_id, season, created_at, updated_at) VALUES ('100', NULL, '2025-08-17', '1', 'サファイア', 'AA', '1', '後攻', 'LOSE', '5', 2, datetime('now'), datetime('now'));
INSERT INTO battle_logs (id, user_id, date, battle_type, rank, group_name, my_deck_id, turn, result, opponent_deck_id, season, created_at, updated_at) VALUES ('101', NULL, '2025-08-18', '0', 'サファイア', 'AA', '1', '後攻', 'WIN', '11', 2, datetime('now'), datetime('now'));
INSERT INTO battle_logs (id, user_id, date, battle_type, rank, group_name, my_deck_id, turn, result, opponent_deck_id, season, created_at, updated_at) VALUES ('102', NULL, '2025-08-18', '0', 'サファイア', 'AA', '1', '後攻', 'WIN', '10', 2, datetime('now'), datetime('now'));
INSERT INTO battle_logs (id, user_id, date, battle_type, rank, group_name, my_deck_id, turn, result, opponent_deck_id, season, created_at, updated_at) VALUES ('103', NULL, '2025-08-18', '0', 'サファイア', 'AA', '1', '後攻', 'WIN', '8', 2, datetime('now'), datetime('now'));
INSERT INTO battle_logs (id, user_id, date, battle_type, rank, group_name, my_deck_id, turn, result, opponent_deck_id, season, created_at, updated_at) VALUES ('104', NULL, '2025-08-19', '0', 'サファイア', 'AA', '1', '後攻', 'WIN', '1', 2, datetime('now'), datetime('now'));
INSERT INTO battle_logs (id, user_id, date, battle_type, rank, group_name, my_deck_id, turn, result, opponent_deck_id, season, created_at, updated_at) VALUES ('105', NULL, '2025-08-19', '0', 'サファイア', 'AA', '1', '後攻', 'WIN', '4', 2, datetime('now'), datetime('now'));
INSERT INTO battle_logs (id, user_id, date, battle_type, rank, group_name, my_deck_id, turn, result, opponent_deck_id, season, created_at, updated_at) VALUES ('106', NULL, '2025-08-19', '1', 'サファイア', 'AA', '1', '後攻', 'LOSE', '1', 2, datetime('now'), datetime('now'));
INSERT INTO battle_logs (id, user_id, date, battle_type, rank, group_name, my_deck_id, turn, result, opponent_deck_id, season, created_at, updated_at) VALUES ('107', NULL, '2025-08-20', '0', 'サファイア', 'AA', '1', '先行', 'WIN', '4', 2, datetime('now'), datetime('now'));
INSERT INTO battle_logs (id, user_id, date, battle_type, rank, group_name, my_deck_id, turn, result, opponent_deck_id, season, created_at, updated_at) VALUES ('108', NULL, '2025-08-20', '0', 'サファイア', 'AA', '1', '後攻', 'WIN', '2', 2, datetime('now'), datetime('now'));
INSERT INTO battle_logs (id, user_id, date, battle_type, rank, group_name, my_deck_id, turn, result, opponent_deck_id, season, created_at, updated_at) VALUES ('109', NULL, '2025-08-20', '0', 'サファイア', 'AA', '1', '後攻', 'WIN', '2', 2, datetime('now'), datetime('now'));
INSERT INTO battle_logs (id, user_id, date, battle_type, rank, group_name, my_deck_id, turn, result, opponent_deck_id, season, created_at, updated_at) VALUES ('110', NULL, '2025-08-20', '0', 'サファイア', 'AA', '1', '先行', 'WIN', '8', 2, datetime('now'), datetime('now'));
INSERT INTO battle_logs (id, user_id, date, battle_type, rank, group_name, my_deck_id, turn, result, opponent_deck_id, season, created_at, updated_at) VALUES ('111', NULL, '2025-08-21', '1', 'サファイア', 'AA', '1', '後攻', 'LOSE', '1', 2, datetime('now'), datetime('now'));
INSERT INTO battle_logs (id, user_id, date, battle_type, rank, group_name, my_deck_id, turn, result, opponent_deck_id, season, created_at, updated_at) VALUES ('112', NULL, '2025-08-21', '1', 'サファイア', 'AA', '1', '先行', 'LOSE', '2', 2, datetime('now'), datetime('now'));
INSERT INTO battle_logs (id, user_id, date, battle_type, rank, group_name, my_deck_id, turn, result, opponent_deck_id, season, created_at, updated_at) VALUES ('113', NULL, '2025-08-21', '1', 'サファイア', 'AA', '1', '後攻', 'LOSE', '1', 2, datetime('now'), datetime('now'));
INSERT INTO battle_logs (id, user_id, date, battle_type, rank, group_name, my_deck_id, turn, result, opponent_deck_id, season, created_at, updated_at) VALUES ('114', NULL, '2025-08-21', '0', 'サファイア', 'AA', '1', '後攻', 'WIN', '5', 2, datetime('now'), datetime('now'));
INSERT INTO battle_logs (id, user_id, date, battle_type, rank, group_name, my_deck_id, turn, result, opponent_deck_id, season, created_at, updated_at) VALUES ('115', NULL, '2025-08-21', '0', 'サファイア', 'AA', '1', '後攻', 'WIN', '1', 2, datetime('now'), datetime('now'));
INSERT INTO battle_logs (id, user_id, date, battle_type, rank, group_name, my_deck_id, turn, result, opponent_deck_id, season, created_at, updated_at) VALUES ('116', NULL, '2025-08-21', '0', 'サファイア', 'AA', '1', '後攻', 'WIN', '2', 2, datetime('now'), datetime('now'));
INSERT INTO battle_logs (id, user_id, date, battle_type, rank, group_name, my_deck_id, turn, result, opponent_deck_id, season, created_at, updated_at) VALUES ('117', NULL, '2025-08-22', '1', 'サファイア', 'AA', '1', '先行', 'LOSE', '2', 2, datetime('now'), datetime('now'));
INSERT INTO battle_logs (id, user_id, date, battle_type, rank, group_name, my_deck_id, turn, result, opponent_deck_id, season, created_at, updated_at) VALUES ('118', NULL, '2025-08-22', '1', 'サファイア', 'AA', '1', '後攻', 'LOSE', '1', 2, datetime('now'), datetime('now'));
INSERT INTO battle_logs (id, user_id, date, battle_type, rank, group_name, my_deck_id, turn, result, opponent_deck_id, season, created_at, updated_at) VALUES ('119', NULL, '2025-08-22', '0', 'サファイア', 'AA', '1', '後攻', 'WIN', '1', 2, datetime('now'), datetime('now'));
INSERT INTO battle_logs (id, user_id, date, battle_type, rank, group_name, my_deck_id, turn, result, opponent_deck_id, season, created_at, updated_at) VALUES ('120', NULL, '2025-08-22', '1', 'サファイア', 'AA', '1', '後攻', 'LOSE', '14', 2, datetime('now'), datetime('now'));
INSERT INTO battle_logs (id, user_id, date, battle_type, rank, group_name, my_deck_id, turn, result, opponent_deck_id, season, created_at, updated_at) VALUES ('121', NULL, '2025-08-22', '1', 'サファイア', 'AA', '1', '先行', 'LOSE', '10', 2, datetime('now'), datetime('now'));
INSERT INTO battle_logs (id, user_id, date, battle_type, rank, group_name, my_deck_id, turn, result, opponent_deck_id, season, created_at, updated_at) VALUES ('122', NULL, '2025-08-22', '1', 'サファイア', 'AA', '1', '後攻', 'LOSE', '4', 2, datetime('now'), datetime('now'));
INSERT INTO battle_logs (id, user_id, date, battle_type, rank, group_name, my_deck_id, turn, result, opponent_deck_id, season, created_at, updated_at) VALUES ('123', NULL, '2025-08-22', '0', 'サファイア', 'AA', '1', '先行', 'WIN', '2', 2, datetime('now'), datetime('now'));
INSERT INTO battle_logs (id, user_id, date, battle_type, rank, group_name, my_deck_id, turn, result, opponent_deck_id, season, created_at, updated_at) VALUES ('124', NULL, '2025-08-22', '0', 'サファイア', 'AA', '1', '後攻', 'WIN', '2', 2, datetime('now'), datetime('now'));
INSERT INTO battle_logs (id, user_id, date, battle_type, rank, group_name, my_deck_id, turn, result, opponent_deck_id, season, created_at, updated_at) VALUES ('125', NULL, '2025-08-22', '0', 'サファイア', 'AA', '1', '後攻', 'WIN', '2', 2, datetime('now'), datetime('now'));
INSERT INTO battle_logs (id, user_id, date, battle_type, rank, group_name, my_deck_id, turn, result, opponent_deck_id, season, created_at, updated_at) VALUES ('126', NULL, '2025-08-23', '1', 'サファイア', 'AA', '1', '後攻', 'LOSE', '1', 2, datetime('now'), datetime('now'));
INSERT INTO battle_logs (id, user_id, date, battle_type, rank, group_name, my_deck_id, turn, result, opponent_deck_id, season, created_at, updated_at) VALUES ('127', NULL, '2025-08-23', '1', 'サファイア', 'AA', '1', '先行', 'LOSE', '2', 2, datetime('now'), datetime('now'));
INSERT INTO battle_logs (id, user_id, date, battle_type, rank, group_name, my_deck_id, turn, result, opponent_deck_id, season, created_at, updated_at) VALUES ('128', NULL, '2025-08-23', '0', 'サファイア', 'AA', '1', '先行', 'WIN', '2', 2, datetime('now'), datetime('now'));
INSERT INTO battle_logs (id, user_id, date, battle_type, rank, group_name, my_deck_id, turn, result, opponent_deck_id, season, created_at, updated_at) VALUES ('129', NULL, '2025-08-23', '0', 'サファイア', 'AA', '1', '先行', 'WIN', '5', 2, datetime('now'), datetime('now'));
INSERT INTO battle_logs (id, user_id, date, battle_type, rank, group_name, my_deck_id, turn, result, opponent_deck_id, season, created_at, updated_at) VALUES ('130', NULL, '2025-08-24', '1', 'サファイア', 'AA', '1', '後攻', 'LOSE', '6', 2, datetime('now'), datetime('now'));
INSERT INTO battle_logs (id, user_id, date, battle_type, rank, group_name, my_deck_id, turn, result, opponent_deck_id, season, created_at, updated_at) VALUES ('131', NULL, '2025-08-24', '0', 'サファイア', 'AA', '1', '先行', 'WIN', '5', 2, datetime('now'), datetime('now'));
INSERT INTO battle_logs (id, user_id, date, battle_type, rank, group_name, my_deck_id, turn, result, opponent_deck_id, season, created_at, updated_at) VALUES ('132', NULL, '2025-08-24', '1', 'サファイア', 'AA', '1', '先行', 'LOSE', '2', 2, datetime('now'), datetime('now'));
INSERT INTO battle_logs (id, user_id, date, battle_type, rank, group_name, my_deck_id, turn, result, opponent_deck_id, season, created_at, updated_at) VALUES ('133', NULL, '2025-08-24', '0', 'サファイア', 'AA', '1', '後攻', 'WIN', '1', 2, datetime('now'), datetime('now'));
INSERT INTO battle_logs (id, user_id, date, battle_type, rank, group_name, my_deck_id, turn, result, opponent_deck_id, season, created_at, updated_at) VALUES ('134', NULL, '2025-08-24', '0', 'サファイア', 'AA', '1', '先行', 'WIN', '2', 2, datetime('now'), datetime('now'));
INSERT INTO battle_logs (id, user_id, date, battle_type, rank, group_name, my_deck_id, turn, result, opponent_deck_id, season, created_at, updated_at) VALUES ('135', NULL, '2025-08-24', '0', 'サファイア', 'AA', '1', '後攻', 'WIN', '8', 2, datetime('now'), datetime('now'));
INSERT INTO battle_logs (id, user_id, date, battle_type, rank, group_name, my_deck_id, turn, result, opponent_deck_id, season, created_at, updated_at) VALUES ('136', NULL, '2025-08-25', '0', 'サファイア', 'AA', '1', '先行', 'WIN', '2', 2, datetime('now'), datetime('now'));
INSERT INTO battle_logs (id, user_id, date, battle_type, rank, group_name, my_deck_id, turn, result, opponent_deck_id, season, created_at, updated_at) VALUES ('137', NULL, '2025-08-25', '0', 'サファイア', 'AA', '1', '先行', 'WIN', '19', 2, datetime('now'), datetime('now'));
INSERT INTO battle_logs (id, user_id, date, battle_type, rank, group_name, my_deck_id, turn, result, opponent_deck_id, season, created_at, updated_at) VALUES ('138', NULL, '2025-08-26', '1', 'サファイア', 'AA', '1', '後攻', 'LOSE', '6', 2, datetime('now'), datetime('now'));
INSERT INTO battle_logs (id, user_id, date, battle_type, rank, group_name, my_deck_id, turn, result, opponent_deck_id, season, created_at, updated_at) VALUES ('139', NULL, '2025-08-26', '1', 'サファイア', 'AA', '1', '後攻', 'LOSE', '11', 2, datetime('now'), datetime('now'));
INSERT INTO battle_logs (id, user_id, date, battle_type, rank, group_name, my_deck_id, turn, result, opponent_deck_id, season, created_at, updated_at) VALUES ('140', NULL, '2025-08-26', '0', 'サファイア', 'AA', '1', '後攻', 'WIN', '5', 2, datetime('now'), datetime('now'));
INSERT INTO battle_logs (id, user_id, date, battle_type, rank, group_name, my_deck_id, turn, result, opponent_deck_id, season, created_at, updated_at) VALUES ('141', NULL, '2025-08-26', '0', 'サファイア', 'AA', '1', '先行', 'WIN', '2', 2, datetime('now'), datetime('now'));
INSERT INTO battle_logs (id, user_id, date, battle_type, rank, group_name, my_deck_id, turn, result, opponent_deck_id, season, created_at, updated_at) VALUES ('142', NULL, '2025-08-27', '1', 'ダイアモンド', 'AA', '1', '後攻', 'LOSE', '2', 2, datetime('now'), datetime('now'));
INSERT INTO battle_logs (id, user_id, date, battle_type, rank, group_name, my_deck_id, turn, result, opponent_deck_id, season, created_at, updated_at) VALUES ('143', NULL, '2025-08-27', '0', 'ダイアモンド', 'AA', '1', '先行', 'WIN', '1', 2, datetime('now'), datetime('now'));
INSERT INTO battle_logs (id, user_id, date, battle_type, rank, group_name, my_deck_id, turn, result, opponent_deck_id, season, created_at, updated_at) VALUES ('144', NULL, '2025-08-27', '1', 'ダイアモンド', 'AA', '1', '先行', 'LOSE', '1', 2, datetime('now'), datetime('now'));
INSERT INTO battle_logs (id, user_id, date, battle_type, rank, group_name, my_deck_id, turn, result, opponent_deck_id, season, created_at, updated_at) VALUES ('145', NULL, '2025-08-27', '0', 'ダイアモンド', 'AA', '1', '後攻', 'WIN', '2', 2, datetime('now'), datetime('now'));
INSERT INTO battle_logs (id, user_id, date, battle_type, rank, group_name, my_deck_id, turn, result, opponent_deck_id, season, created_at, updated_at) VALUES ('146', NULL, '2025-08-27', '1', 'ダイアモンド', 'AA', '1', '後攻', 'LOSE', '2', 2, datetime('now'), datetime('now'));
INSERT INTO battle_logs (id, user_id, date, battle_type, rank, group_name, my_deck_id, turn, result, opponent_deck_id, season, created_at, updated_at) VALUES ('147', NULL, '2025-08-27', '0', 'ダイアモンド', 'AA', '1', '先行', 'WIN', '2', 2, datetime('now'), datetime('now'));
INSERT INTO battle_logs (id, user_id, date, battle_type, rank, group_name, my_deck_id, turn, result, opponent_deck_id, season, created_at, updated_at) VALUES ('148', NULL, '2025-08-28', '0', 'ダイアモンド', 'AA', '1', '先行', 'WIN', '10', 2, datetime('now'), datetime('now'));
INSERT INTO battle_logs (id, user_id, date, battle_type, rank, group_name, my_deck_id, turn, result, opponent_deck_id, season, created_at, updated_at) VALUES ('149', NULL, '2025-08-28', '0', 'ダイアモンド', 'AA', '1', '後攻', 'WIN', '1', 2, datetime('now'), datetime('now'));
INSERT INTO battle_logs (id, user_id, date, battle_type, rank, group_name, my_deck_id, turn, result, opponent_deck_id, season, created_at, updated_at) VALUES ('150', NULL, '2025-08-28', '0', 'ルビー', 'AA', '1', '先行', 'WIN', '2', 3, datetime('now'), datetime('now'));
INSERT INTO battle_logs (id, user_id, date, battle_type, rank, group_name, my_deck_id, turn, result, opponent_deck_id, season, created_at, updated_at) VALUES ('151', NULL, '2025-08-29', '0', 'ルビー', 'AA', '1', '先行', 'WIN', '1', 3, datetime('now'), datetime('now'));
INSERT INTO battle_logs (id, user_id, date, battle_type, rank, group_name, my_deck_id, turn, result, opponent_deck_id, season, created_at, updated_at) VALUES ('152', NULL, '2025-08-29', '0', 'ルビー', 'AA', '1', '後攻', 'WIN', '20', 3, datetime('now'), datetime('now'));
INSERT INTO battle_logs (id, user_id, date, battle_type, rank, group_name, my_deck_id, turn, result, opponent_deck_id, season, created_at, updated_at) VALUES ('153', NULL, '2025-08-29', '0', 'ルビー', 'AA', '1', '先行', 'WIN', '23', 3, datetime('now'), datetime('now'));
INSERT INTO battle_logs (id, user_id, date, battle_type, rank, group_name, my_deck_id, turn, result, opponent_deck_id, season, created_at, updated_at) VALUES ('154', NULL, '2025-08-30', '1', 'ルビー', 'AA', '1', '後攻', 'LOSE', '20', 3, datetime('now'), datetime('now'));
INSERT INTO battle_logs (id, user_id, date, battle_type, rank, group_name, my_deck_id, turn, result, opponent_deck_id, season, created_at, updated_at) VALUES ('155', NULL, '2025-08-30', '0', 'ルビー', 'AA', '1', '先行', 'WIN', '4', 3, datetime('now'), datetime('now'));
INSERT INTO battle_logs (id, user_id, date, battle_type, rank, group_name, my_deck_id, turn, result, opponent_deck_id, season, created_at, updated_at) VALUES ('156', NULL, '2025-08-30', '0', 'ルビー', 'AA', '1', '先行', 'WIN', '10', 3, datetime('now'), datetime('now'));
INSERT INTO battle_logs (id, user_id, date, battle_type, rank, group_name, my_deck_id, turn, result, opponent_deck_id, season, created_at, updated_at) VALUES ('157', NULL, '2025-08-30', '1', 'ルビー', 'AA', '1', '先行', 'LOSE', '9', 3, datetime('now'), datetime('now'));
INSERT INTO battle_logs (id, user_id, date, battle_type, rank, group_name, my_deck_id, turn, result, opponent_deck_id, season, created_at, updated_at) VALUES ('158', NULL, '2025-08-30', '1', 'ルビー', 'AA', '1', '後攻', 'LOSE', '23', 3, datetime('now'), datetime('now'));
INSERT INTO battle_logs (id, user_id, date, battle_type, rank, group_name, my_deck_id, turn, result, opponent_deck_id, season, created_at, updated_at) VALUES ('159', NULL, '2025-08-30', '1', 'ルビー', 'AA', '1', '後攻', 'LOSE', '9', 3, datetime('now'), datetime('now'));
INSERT INTO battle_logs (id, user_id, date, battle_type, rank, group_name, my_deck_id, turn, result, opponent_deck_id, season, created_at, updated_at) VALUES ('160', NULL, '2025-08-30', '0', 'ルビー', 'AA', '1', '先行', 'WIN', '24', 3, datetime('now'), datetime('now'));
INSERT INTO battle_logs (id, user_id, date, battle_type, rank, group_name, my_deck_id, turn, result, opponent_deck_id, season, created_at, updated_at) VALUES ('161', NULL, '2025-08-31', '1', 'ルビー', 'AA', '1', '後攻', 'LOSE', '25', 3, datetime('now'), datetime('now'));
INSERT INTO battle_logs (id, user_id, date, battle_type, rank, group_name, my_deck_id, turn, result, opponent_deck_id, season, created_at, updated_at) VALUES ('162', NULL, '2025-08-31', '1', 'ルビー', 'AA', '1', '先行', 'LOSE', '1', 3, datetime('now'), datetime('now'));
INSERT INTO battle_logs (id, user_id, date, battle_type, rank, group_name, my_deck_id, turn, result, opponent_deck_id, season, created_at, updated_at) VALUES ('163', NULL, '2025-08-31', '1', 'ルビー', 'AA', '1', '後攻', 'LOSE', '21', 3, datetime('now'), datetime('now'));
INSERT INTO battle_logs (id, user_id, date, battle_type, rank, group_name, my_deck_id, turn, result, opponent_deck_id, season, created_at, updated_at) VALUES ('164', NULL, '2025-08-31', '0', 'ルビー', 'AA', '1', '先行', 'WIN', '21', 3, datetime('now'), datetime('now'));
INSERT INTO battle_logs (id, user_id, date, battle_type, rank, group_name, my_deck_id, turn, result, opponent_deck_id, season, created_at, updated_at) VALUES ('165', NULL, '2025-08-31', '0', 'ルビー', 'AA', '1', '先行', 'WIN', '24', 3, datetime('now'), datetime('now'));
INSERT INTO battle_logs (id, user_id, date, battle_type, rank, group_name, my_deck_id, turn, result, opponent_deck_id, season, created_at, updated_at) VALUES ('166', NULL, '2025-09-01', '0', 'ルビー', 'AA', '1', '後攻', 'WIN', '1', 3, datetime('now'), datetime('now'));
INSERT INTO battle_logs (id, user_id, date, battle_type, rank, group_name, my_deck_id, turn, result, opponent_deck_id, season, created_at, updated_at) VALUES ('167', NULL, '2025-09-01', '1', 'ルビー', 'AA', '1', '後攻', 'LOSE', '1', 3, datetime('now'), datetime('now'));
INSERT INTO battle_logs (id, user_id, date, battle_type, rank, group_name, my_deck_id, turn, result, opponent_deck_id, season, created_at, updated_at) VALUES ('168', NULL, '2025-09-01', '0', 'ルビー', 'AA', '1', '先行', 'WIN', '24', 3, datetime('now'), datetime('now'));
INSERT INTO battle_logs (id, user_id, date, battle_type, rank, group_name, my_deck_id, turn, result, opponent_deck_id, season, created_at, updated_at) VALUES ('169', NULL, '2025-09-01', '0', 'ルビー', 'AA', '1', '先行', 'WIN', '1', 3, datetime('now'), datetime('now'));
INSERT INTO battle_logs (id, user_id, date, battle_type, rank, group_name, my_deck_id, turn, result, opponent_deck_id, season, created_at, updated_at) VALUES ('170', NULL, '2025-09-01', '1', 'サファイア', 'AA', '1', '先行', 'LOSE', '22', 3, datetime('now'), datetime('now'));
INSERT INTO battle_logs (id, user_id, date, battle_type, rank, group_name, my_deck_id, turn, result, opponent_deck_id, season, created_at, updated_at) VALUES ('171', NULL, '2025-09-01', '0', 'サファイア', 'AA', '1', '後攻', 'WIN', '20', 3, datetime('now'), datetime('now'));
INSERT INTO battle_logs (id, user_id, date, battle_type, rank, group_name, my_deck_id, turn, result, opponent_deck_id, season, created_at, updated_at) VALUES ('172', NULL, '2025-09-02', '1', 'サファイア', 'AA', '1', '先行', 'LOSE', '23', 3, datetime('now'), datetime('now'));
INSERT INTO battle_logs (id, user_id, date, battle_type, rank, group_name, my_deck_id, turn, result, opponent_deck_id, season, created_at, updated_at) VALUES ('173', NULL, '2025-09-02', '0', 'サファイア', 'AA', '1', '後攻', 'WIN', '4', 3, datetime('now'), datetime('now'));
INSERT INTO battle_logs (id, user_id, date, battle_type, rank, group_name, my_deck_id, turn, result, opponent_deck_id, season, created_at, updated_at) VALUES ('174', NULL, '2025-09-02', '1', 'サファイア', 'AA', '1', '先行', 'LOSE', '24', 3, datetime('now'), datetime('now'));
INSERT INTO battle_logs (id, user_id, date, battle_type, rank, group_name, my_deck_id, turn, result, opponent_deck_id, season, created_at, updated_at) VALUES ('175', NULL, '2025-09-02', '0', 'サファイア', 'AA', '1', '後攻', 'WIN', '20', 3, datetime('now'), datetime('now'));
INSERT INTO battle_logs (id, user_id, date, battle_type, rank, group_name, my_deck_id, turn, result, opponent_deck_id, season, created_at, updated_at) VALUES ('176', NULL, '2025-09-03', '0', 'サファイア', 'AA', '1', '先行', 'WIN', '23', 3, datetime('now'), datetime('now'));
INSERT INTO battle_logs (id, user_id, date, battle_type, rank, group_name, my_deck_id, turn, result, opponent_deck_id, season, created_at, updated_at) VALUES ('177', NULL, '2025-09-03', '0', 'サファイア', 'AA', '1', '後攻', 'WIN', '14', 3, datetime('now'), datetime('now'));
INSERT INTO battle_logs (id, user_id, date, battle_type, rank, group_name, my_deck_id, turn, result, opponent_deck_id, season, created_at, updated_at) VALUES ('178', NULL, '2025-09-03', '0', 'サファイア', 'AA', '1', '先行', 'WIN', '23', 3, datetime('now'), datetime('now'));
INSERT INTO battle_logs (id, user_id, date, battle_type, rank, group_name, my_deck_id, turn, result, opponent_deck_id, season, created_at, updated_at) VALUES ('179', NULL, '2025-09-04', '0', 'サファイア', 'AA', '1', '先行', 'WIN', '1', 3, datetime('now'), datetime('now'));
INSERT INTO battle_logs (id, user_id, date, battle_type, rank, group_name, my_deck_id, turn, result, opponent_deck_id, season, created_at, updated_at) VALUES ('180', NULL, '2025-09-04', '1', 'サファイア', 'AA', '1', '先行', 'LOSE', '20', 3, datetime('now'), datetime('now'));
INSERT INTO battle_logs (id, user_id, date, battle_type, rank, group_name, my_deck_id, turn, result, opponent_deck_id, season, created_at, updated_at) VALUES ('181', NULL, '2025-09-04', '1', 'サファイア', 'AA', '1', '先行', 'LOSE', '22', 3, datetime('now'), datetime('now'));
INSERT INTO battle_logs (id, user_id, date, battle_type, rank, group_name, my_deck_id, turn, result, opponent_deck_id, season, created_at, updated_at) VALUES ('182', NULL, '2025-09-04', '1', 'サファイア', 'AA', '1', '後攻', 'LOSE', '4', 3, datetime('now'), datetime('now'));
INSERT INTO battle_logs (id, user_id, date, battle_type, rank, group_name, my_deck_id, turn, result, opponent_deck_id, season, created_at, updated_at) VALUES ('183', NULL, '2025-09-04', '0', 'サファイア', 'AA', '1', '先行', 'WIN', '20', 3, datetime('now'), datetime('now'));
INSERT INTO battle_logs (id, user_id, date, battle_type, rank, group_name, my_deck_id, turn, result, opponent_deck_id, season, created_at, updated_at) VALUES ('184', NULL, '2025-09-05', '0', 'サファイア', 'AA', '1', '先行', 'WIN', '13', 3, datetime('now'), datetime('now'));
INSERT INTO battle_logs (id, user_id, date, battle_type, rank, group_name, my_deck_id, turn, result, opponent_deck_id, season, created_at, updated_at) VALUES ('185', NULL, '2025-09-05', '0', 'サファイア', 'AA', '1', '先行', 'WIN', '22', 3, datetime('now'), datetime('now'));
INSERT INTO battle_logs (id, user_id, date, battle_type, rank, group_name, my_deck_id, turn, result, opponent_deck_id, season, created_at, updated_at) VALUES ('186', NULL, '2025-09-05', '0', 'サファイア', 'AA', '1', '後攻', 'WIN', '23', 3, datetime('now'), datetime('now'));
INSERT INTO battle_logs (id, user_id, date, battle_type, rank, group_name, my_deck_id, turn, result, opponent_deck_id, season, created_at, updated_at) VALUES ('187', NULL, '2025-09-05', '0', 'サファイア', 'AA', '1', '先行', 'WIN', '2', 3, datetime('now'), datetime('now'));
INSERT INTO battle_logs (id, user_id, date, battle_type, rank, group_name, my_deck_id, turn, result, opponent_deck_id, season, created_at, updated_at) VALUES ('188', NULL, '2025-09-05', '1', 'サファイア', 'AA', '1', '後攻', 'LOSE', '21', 3, datetime('now'), datetime('now'));
INSERT INTO battle_logs (id, user_id, date, battle_type, rank, group_name, my_deck_id, turn, result, opponent_deck_id, season, created_at, updated_at) VALUES ('189', NULL, '2025-09-06', '1', 'サファイア', 'AA', '1', '先行', 'LOSE', '20', 3, datetime('now'), datetime('now'));
INSERT INTO battle_logs (id, user_id, date, battle_type, rank, group_name, my_deck_id, turn, result, opponent_deck_id, season, created_at, updated_at) VALUES ('190', NULL, '2025-09-06', '1', 'サファイア', 'AA', '1', '後攻', 'LOSE', '2', 3, datetime('now'), datetime('now'));
INSERT INTO battle_logs (id, user_id, date, battle_type, rank, group_name, my_deck_id, turn, result, opponent_deck_id, season, created_at, updated_at) VALUES ('191', NULL, '2025-09-06', '1', 'サファイア', 'AA', '1', '先行', 'LOSE', '24', 3, datetime('now'), datetime('now'));
INSERT INTO battle_logs (id, user_id, date, battle_type, rank, group_name, my_deck_id, turn, result, opponent_deck_id, season, created_at, updated_at) VALUES ('192', NULL, '2025-09-06', '1', 'サファイア', 'AA', '1', '先行', 'LOSE', '20', 3, datetime('now'), datetime('now'));
INSERT INTO battle_logs (id, user_id, date, battle_type, rank, group_name, my_deck_id, turn, result, opponent_deck_id, season, created_at, updated_at) VALUES ('193', NULL, '2025-09-06', '1', 'サファイア', 'AA', '1', '先行', 'LOSE', '17', 3, datetime('now'), datetime('now'));
INSERT INTO battle_logs (id, user_id, date, battle_type, rank, group_name, my_deck_id, turn, result, opponent_deck_id, season, created_at, updated_at) VALUES ('194', NULL, '2025-09-06', '0', 'サファイア', 'AA', '1', '先行', 'WIN', '1', 3, datetime('now'), datetime('now'));
INSERT INTO battle_logs (id, user_id, date, battle_type, rank, group_name, my_deck_id, turn, result, opponent_deck_id, season, created_at, updated_at) VALUES ('195', NULL, '2025-09-06', '0', 'サファイア', 'AA', '1', '後攻', 'WIN', '23', 3, datetime('now'), datetime('now'));
INSERT INTO battle_logs (id, user_id, date, battle_type, rank, group_name, my_deck_id, turn, result, opponent_deck_id, season, created_at, updated_at) VALUES ('196', NULL, '2025-09-07', '1', 'サファイア', 'AA', '1', '後攻', 'LOSE', '2', 3, datetime('now'), datetime('now'));
INSERT INTO battle_logs (id, user_id, date, battle_type, rank, group_name, my_deck_id, turn, result, opponent_deck_id, season, created_at, updated_at) VALUES ('197', NULL, '2025-09-07', '0', 'サファイア', 'AA', '1', '先行', 'WIN', '2', 3, datetime('now'), datetime('now'));
INSERT INTO battle_logs (id, user_id, date, battle_type, rank, group_name, my_deck_id, turn, result, opponent_deck_id, season, created_at, updated_at) VALUES ('198', NULL, '2025-09-07', '1', 'サファイア', 'AA', '1', '後攻', 'LOSE', '1', 3, datetime('now'), datetime('now'));
INSERT INTO battle_logs (id, user_id, date, battle_type, rank, group_name, my_deck_id, turn, result, opponent_deck_id, season, created_at, updated_at) VALUES ('199', NULL, '2025-09-07', '0', 'サファイア', 'AA', '1', '後攻', 'WIN', '20', 3, datetime('now'), datetime('now'));
INSERT INTO battle_logs (id, user_id, date, battle_type, rank, group_name, my_deck_id, turn, result, opponent_deck_id, season, created_at, updated_at) VALUES ('200', NULL, '2025-09-07', '1', 'サファイア', 'AA', '1', '後攻', 'LOSE', '25', 3, datetime('now'), datetime('now'));
INSERT INTO battle_logs (id, user_id, date, battle_type, rank, group_name, my_deck_id, turn, result, opponent_deck_id, season, created_at, updated_at) VALUES ('201', NULL, '2025-09-07', '1', 'サファイア', 'AA', '1', '先行', 'LOSE', '29', 3, datetime('now'), datetime('now'));
INSERT INTO battle_logs (id, user_id, date, battle_type, rank, group_name, my_deck_id, turn, result, opponent_deck_id, season, created_at, updated_at) VALUES ('202', NULL, '2025-09-07', '1', 'サファイア', 'AA', '1', '後攻', 'LOSE', '1', 3, datetime('now'), datetime('now'));
INSERT INTO battle_logs (id, user_id, date, battle_type, rank, group_name, my_deck_id, turn, result, opponent_deck_id, season, created_at, updated_at) VALUES ('203', NULL, '2025-09-07', '0', 'サファイア', 'AA', '1', '先行', 'WIN', '2', 3, datetime('now'), datetime('now'));
INSERT INTO battle_logs (id, user_id, date, battle_type, rank, group_name, my_deck_id, turn, result, opponent_deck_id, season, created_at, updated_at) VALUES ('204', NULL, '2025-09-07', '1', 'サファイア', 'AA', '1', '後攻', 'LOSE', '2', 3, datetime('now'), datetime('now'));
INSERT INTO battle_logs (id, user_id, date, battle_type, rank, group_name, my_deck_id, turn, result, opponent_deck_id, season, created_at, updated_at) VALUES ('205', NULL, '2025-09-07', '1', 'ルビー', 'AA', '1', '先行', 'LOSE', '20', 3, datetime('now'), datetime('now'));
INSERT INTO battle_logs (id, user_id, date, battle_type, rank, group_name, my_deck_id, turn, result, opponent_deck_id, season, created_at, updated_at) VALUES ('206', NULL, '2025-09-07', '0', 'ルビー', 'AA', '1', '先行', 'WIN', '10', 3, datetime('now'), datetime('now'));
INSERT INTO battle_logs (id, user_id, date, battle_type, rank, group_name, my_deck_id, turn, result, opponent_deck_id, season, created_at, updated_at) VALUES ('207', NULL, '2025-09-08', '0', 'ルビー', 'AA', '1', '後攻', 'WIN', '24', 3, datetime('now'), datetime('now'));
INSERT INTO battle_logs (id, user_id, date, battle_type, rank, group_name, my_deck_id, turn, result, opponent_deck_id, season, created_at, updated_at) VALUES ('208', NULL, '2025-09-08', '0', 'ルビー', 'AA', '1', '先行', 'WIN', '24', 3, datetime('now'), datetime('now'));
INSERT INTO battle_logs (id, user_id, date, battle_type, rank, group_name, my_deck_id, turn, result, opponent_deck_id, season, created_at, updated_at) VALUES ('209', NULL, '2025-09-08', '0', 'ルビー', 'AA', '1', '後攻', 'WIN', '1', 3, datetime('now'), datetime('now'));
INSERT INTO battle_logs (id, user_id, date, battle_type, rank, group_name, my_deck_id, turn, result, opponent_deck_id, season, created_at, updated_at) VALUES ('210', NULL, '2025-09-08', '0', 'ルビー', 'AA', '1', '後攻', 'WIN', '28', 3, datetime('now'), datetime('now'));
INSERT INTO battle_logs (id, user_id, date, battle_type, rank, group_name, my_deck_id, turn, result, opponent_deck_id, season, created_at, updated_at) VALUES ('211', NULL, '2025-09-09', '0', 'ルビー', 'AA', '1', '先行', 'WIN', '3', 3, datetime('now'), datetime('now'));
INSERT INTO battle_logs (id, user_id, date, battle_type, rank, group_name, my_deck_id, turn, result, opponent_deck_id, season, created_at, updated_at) VALUES ('212', NULL, '2025-09-09', '0', 'ルビー', 'AA', '1', '後攻', 'WIN', '5', 3, datetime('now'), datetime('now'));
INSERT INTO battle_logs (id, user_id, date, battle_type, rank, group_name, my_deck_id, turn, result, opponent_deck_id, season, created_at, updated_at) VALUES ('213', NULL, '2025-09-10', '1', 'ルビー', 'AA', '1', '後攻', 'LOSE', '2', 3, datetime('now'), datetime('now'));
INSERT INTO battle_logs (id, user_id, date, battle_type, rank, group_name, my_deck_id, turn, result, opponent_deck_id, season, created_at, updated_at) VALUES ('214', NULL, '2025-09-10', '0', 'ルビー', 'AA', '1', '後攻', 'WIN', '24', 3, datetime('now'), datetime('now'));
INSERT INTO battle_logs (id, user_id, date, battle_type, rank, group_name, my_deck_id, turn, result, opponent_deck_id, season, created_at, updated_at) VALUES ('215', NULL, '2025-09-10', '1', 'ルビー', 'AA', '1', '後攻', 'LOSE', '1', 3, datetime('now'), datetime('now'));
INSERT INTO battle_logs (id, user_id, date, battle_type, rank, group_name, my_deck_id, turn, result, opponent_deck_id, season, created_at, updated_at) VALUES ('216', NULL, '2025-09-10', '0', 'ルビー', 'AA', '1', '先行', 'WIN', '21', 3, datetime('now'), datetime('now'));
INSERT INTO battle_logs (id, user_id, date, battle_type, rank, group_name, my_deck_id, turn, result, opponent_deck_id, season, created_at, updated_at) VALUES ('217', NULL, '2025-09-10', '0', 'ルビー', 'AA', '1', '後攻', 'WIN', '4', 3, datetime('now'), datetime('now'));
INSERT INTO battle_logs (id, user_id, date, battle_type, rank, group_name, my_deck_id, turn, result, opponent_deck_id, season, created_at, updated_at) VALUES ('218', NULL, '2025-09-11', '0', 'ルビー', 'AA', '1', '後攻', 'WIN', '25', 3, datetime('now'), datetime('now'));
INSERT INTO battle_logs (id, user_id, date, battle_type, rank, group_name, my_deck_id, turn, result, opponent_deck_id, season, created_at, updated_at) VALUES ('219', NULL, '2025-09-11', '0', 'ルビー', 'AA', '1', '先行', 'WIN', '1', 3, datetime('now'), datetime('now'));
INSERT INTO battle_logs (id, user_id, date, battle_type, rank, group_name, my_deck_id, turn, result, opponent_deck_id, season, created_at, updated_at) VALUES ('220', NULL, '2025-09-12', '0', 'サファイア', 'AA', '1', '先行', 'WIN', '24', 3, datetime('now'), datetime('now'));
INSERT INTO battle_logs (id, user_id, date, battle_type, rank, group_name, my_deck_id, turn, result, opponent_deck_id, season, created_at, updated_at) VALUES ('221', NULL, '2025-09-13', '0', 'サファイア', 'AA', '1', '後攻', 'WIN', '17', 3, datetime('now'), datetime('now'));
INSERT INTO battle_logs (id, user_id, date, battle_type, rank, group_name, my_deck_id, turn, result, opponent_deck_id, season, created_at, updated_at) VALUES ('222', NULL, '2025-09-13', '1', 'サファイア', 'AA', '1', '先行', 'LOSE', '20', 3, datetime('now'), datetime('now'));
INSERT INTO battle_logs (id, user_id, date, battle_type, rank, group_name, my_deck_id, turn, result, opponent_deck_id, season, created_at, updated_at) VALUES ('223', NULL, '2025-09-14', '1', 'サファイア', 'AA', '1', '後攻', 'LOSE', '17', 3, datetime('now'), datetime('now'));
INSERT INTO battle_logs (id, user_id, date, battle_type, rank, group_name, my_deck_id, turn, result, opponent_deck_id, season, created_at, updated_at) VALUES ('224', NULL, '2025-09-14', '1', 'サファイア', 'AA', '1', '先行', 'LOSE', '2', 3, datetime('now'), datetime('now'));
INSERT INTO battle_logs (id, user_id, date, battle_type, rank, group_name, my_deck_id, turn, result, opponent_deck_id, season, created_at, updated_at) VALUES ('225', NULL, '2025-09-14', '0', 'サファイア', 'AA', '1', '後攻', 'WIN', '22', 3, datetime('now'), datetime('now'));
INSERT INTO battle_logs (id, user_id, date, battle_type, rank, group_name, my_deck_id, turn, result, opponent_deck_id, season, created_at, updated_at) VALUES ('226', NULL, '2025-09-15', '0', 'サファイア', 'AA', '1', '後攻', 'WIN', '24', 3, datetime('now'), datetime('now'));
INSERT INTO battle_logs (id, user_id, date, battle_type, rank, group_name, my_deck_id, turn, result, opponent_deck_id, season, created_at, updated_at) VALUES ('227', NULL, '2025-09-15', '1', 'サファイア', 'AA', '1', '後攻', 'LOSE', '4', 3, datetime('now'), datetime('now'));
INSERT INTO battle_logs (id, user_id, date, battle_type, rank, group_name, my_deck_id, turn, result, opponent_deck_id, season, created_at, updated_at) VALUES ('228', NULL, '2025-09-15', '0', 'サファイア', 'AA', '1', '後攻', 'WIN', '14', 3, datetime('now'), datetime('now'));
INSERT INTO battle_logs (id, user_id, date, battle_type, rank, group_name, my_deck_id, turn, result, opponent_deck_id, season, created_at, updated_at) VALUES ('229', NULL, '2025-09-16', '1', 'サファイア', 'AA', '1', '後攻', 'LOSE', '24', 3, datetime('now'), datetime('now'));
INSERT INTO battle_logs (id, user_id, date, battle_type, rank, group_name, my_deck_id, turn, result, opponent_deck_id, season, created_at, updated_at) VALUES ('230', NULL, '2025-09-16', '0', 'サファイア', 'AA', '1', '後攻', 'WIN', '2', 3, datetime('now'), datetime('now'));
INSERT INTO battle_logs (id, user_id, date, battle_type, rank, group_name, my_deck_id, turn, result, opponent_deck_id, season, created_at, updated_at) VALUES ('231', NULL, '2025-09-16', '0', 'サファイア', 'AA', '1', '後攻', 'WIN', '1', 3, datetime('now'), datetime('now'));
INSERT INTO battle_logs (id, user_id, date, battle_type, rank, group_name, my_deck_id, turn, result, opponent_deck_id, season, created_at, updated_at) VALUES ('232', NULL, '2025-09-17', '1', 'サファイア', 'AA', '1', '先行', 'LOSE', '21', 3, datetime('now'), datetime('now'));
INSERT INTO battle_logs (id, user_id, date, battle_type, rank, group_name, my_deck_id, turn, result, opponent_deck_id, season, created_at, updated_at) VALUES ('233', NULL, '2025-09-17', '1', 'サファイア', 'AA', '1', '後攻', 'LOSE', '21', 3, datetime('now'), datetime('now'));
INSERT INTO battle_logs (id, user_id, date, battle_type, rank, group_name, my_deck_id, turn, result, opponent_deck_id, season, created_at, updated_at) VALUES ('234', NULL, '2025-09-17', '1', 'サファイア', 'AA', '1', '後攻', 'LOSE', '21', 3, datetime('now'), datetime('now'));
INSERT INTO battle_logs (id, user_id, date, battle_type, rank, group_name, my_deck_id, turn, result, opponent_deck_id, season, created_at, updated_at) VALUES ('235', NULL, '2025-09-17', '1', 'サファイア', 'AA', '1', '先行', 'LOSE', '12', 3, datetime('now'), datetime('now'));
INSERT INTO battle_logs (id, user_id, date, battle_type, rank, group_name, my_deck_id, turn, result, opponent_deck_id, season, created_at, updated_at) VALUES ('236', NULL, '2025-09-17', '1', 'サファイア', 'AA', '1', '後攻', 'LOSE', '21', 3, datetime('now'), datetime('now'));
INSERT INTO battle_logs (id, user_id, date, battle_type, rank, group_name, my_deck_id, turn, result, opponent_deck_id, season, created_at, updated_at) VALUES ('237', NULL, '2025-09-17', '0', 'サファイア', 'AA', '1', '先行', 'WIN', '23', 3, datetime('now'), datetime('now'));
INSERT INTO battle_logs (id, user_id, date, battle_type, rank, group_name, my_deck_id, turn, result, opponent_deck_id, season, created_at, updated_at) VALUES ('238', NULL, '2025-09-17', '0', 'サファイア', 'AA', '1', '後攻', 'WIN', '1', 3, datetime('now'), datetime('now'));
INSERT INTO battle_logs (id, user_id, date, battle_type, rank, group_name, my_deck_id, turn, result, opponent_deck_id, season, created_at, updated_at) VALUES ('239', NULL, '2025-09-18', '1', 'サファイア', 'AA', '1', '後攻', 'LOSE', '1', 3, datetime('now'), datetime('now'));
INSERT INTO battle_logs (id, user_id, date, battle_type, rank, group_name, my_deck_id, turn, result, opponent_deck_id, season, created_at, updated_at) VALUES ('240', NULL, '2025-09-18', '0', 'サファイア', 'AA', '1', '後攻', 'WIN', '17', 3, datetime('now'), datetime('now'));
INSERT INTO battle_logs (id, user_id, date, battle_type, rank, group_name, my_deck_id, turn, result, opponent_deck_id, season, created_at, updated_at) VALUES ('241', NULL, '2025-09-18', '0', 'サファイア', 'AA', '1', '先行', 'WIN', '2', 3, datetime('now'), datetime('now'));
INSERT INTO battle_logs (id, user_id, date, battle_type, rank, group_name, my_deck_id, turn, result, opponent_deck_id, season, created_at, updated_at) VALUES ('242', NULL, '2025-09-19', '0', 'サファイア', 'AA', '1', '後攻', 'WIN', '8', 3, datetime('now'), datetime('now'));
INSERT INTO battle_logs (id, user_id, date, battle_type, rank, group_name, my_deck_id, turn, result, opponent_deck_id, season, created_at, updated_at) VALUES ('243', NULL, '2025-09-19', '0', 'サファイア', 'AA', '1', '先行', 'WIN', '2', 3, datetime('now'), datetime('now'));
INSERT INTO battle_logs (id, user_id, date, battle_type, rank, group_name, my_deck_id, turn, result, opponent_deck_id, season, created_at, updated_at) VALUES ('244', NULL, '2025-09-19', '1', 'サファイア', 'AA', '1', '先行', 'LOSE', '24', 3, datetime('now'), datetime('now'));
INSERT INTO battle_logs (id, user_id, date, battle_type, rank, group_name, my_deck_id, turn, result, opponent_deck_id, season, created_at, updated_at) VALUES ('245', NULL, '2025-09-19', '0', 'サファイア', 'AA', '1', '先行', 'WIN', '25', 3, datetime('now'), datetime('now'));
INSERT INTO battle_logs (id, user_id, date, battle_type, rank, group_name, my_deck_id, turn, result, opponent_deck_id, season, created_at, updated_at) VALUES ('246', NULL, '2025-09-20', '0', 'サファイア', 'AA', '1', '先行', 'WIN', '2', 3, datetime('now'), datetime('now'));
INSERT INTO battle_logs (id, user_id, date, battle_type, rank, group_name, my_deck_id, turn, result, opponent_deck_id, season, created_at, updated_at) VALUES ('247', NULL, '2025-09-20', '0', 'サファイア', 'AA', '1', '先行', 'WIN', '2', 3, datetime('now'), datetime('now'));
INSERT INTO battle_logs (id, user_id, date, battle_type, rank, group_name, my_deck_id, turn, result, opponent_deck_id, season, created_at, updated_at) VALUES ('248', NULL, '2025-09-21', '1', 'サファイア', 'AA', '1', '後攻', 'LOSE', '1', 3, datetime('now'), datetime('now'));
INSERT INTO battle_logs (id, user_id, date, battle_type, rank, group_name, my_deck_id, turn, result, opponent_deck_id, season, created_at, updated_at) VALUES ('249', NULL, '2025-09-21', '1', 'サファイア', 'AA', '1', '先行', 'LOSE', '4', 3, datetime('now'), datetime('now'));
INSERT INTO battle_logs (id, user_id, date, battle_type, rank, group_name, my_deck_id, turn, result, opponent_deck_id, season, created_at, updated_at) VALUES ('250', NULL, '2025-09-21', '0', 'サファイア', 'AA', '1', '先行', 'WIN', '23', 3, datetime('now'), datetime('now'));
INSERT INTO battle_logs (id, user_id, date, battle_type, rank, group_name, my_deck_id, turn, result, opponent_deck_id, season, created_at, updated_at) VALUES ('251', NULL, '2025-09-23', '0', 'サファイア', 'AA', '1', '後攻', 'WIN', '11', 3, datetime('now'), datetime('now'));
INSERT INTO battle_logs (id, user_id, date, battle_type, rank, group_name, my_deck_id, turn, result, opponent_deck_id, season, created_at, updated_at) VALUES ('252', NULL, '2025-09-24', '1', 'サファイア', 'AA', '1', '先行', 'LOSE', '20', 3, datetime('now'), datetime('now'));
INSERT INTO battle_logs (id, user_id, date, battle_type, rank, group_name, my_deck_id, turn, result, opponent_deck_id, season, created_at, updated_at) VALUES ('253', NULL, '2025-09-24', '0', 'サファイア', 'AA', '1', '後攻', 'WIN', '23', 3, datetime('now'), datetime('now'));
INSERT INTO battle_logs (id, user_id, date, battle_type, rank, group_name, my_deck_id, turn, result, opponent_deck_id, season, created_at, updated_at) VALUES ('254', NULL, '2025-09-24', '0', 'ダイアモンド', 'AA', '1', '先行', 'WIN', '1', 3, datetime('now'), datetime('now'));
INSERT INTO battle_logs (id, user_id, date, battle_type, rank, group_name, my_deck_id, turn, result, opponent_deck_id, season, created_at, updated_at) VALUES ('255', NULL, '2025-09-25', '1', 'ダイアモンド', 'AA', '1', '後攻', 'LOSE', '24', 3, datetime('now'), datetime('now'));
INSERT INTO battle_logs (id, user_id, date, battle_type, rank, group_name, my_deck_id, turn, result, opponent_deck_id, season, created_at, updated_at) VALUES ('256', NULL, '2025-09-26', '1', 'ダイアモンド', 'AA', '1', '後攻', 'LOSE', '2', 3, datetime('now'), datetime('now'));
INSERT INTO battle_logs (id, user_id, date, battle_type, rank, group_name, my_deck_id, turn, result, opponent_deck_id, season, created_at, updated_at) VALUES ('257', NULL, '2025-09-26', '0', 'ダイアモンド', 'AA', '1', '先行', 'WIN', '21', 3, datetime('now'), datetime('now'));
INSERT INTO battle_logs (id, user_id, date, battle_type, rank, group_name, my_deck_id, turn, result, opponent_deck_id, season, created_at, updated_at) VALUES ('258', NULL, '2025-09-26', '0', 'ダイアモンド', 'AA', '1', '先行', 'WIN', '3', 3, datetime('now'), datetime('now'));
INSERT INTO battle_logs (id, user_id, date, battle_type, rank, group_name, my_deck_id, turn, result, opponent_deck_id, season, created_at, updated_at) VALUES ('259', NULL, '2025-09-27', '0', 'ダイアモンド', 'AA', '1', '先行', 'WIN', '24', 3, datetime('now'), datetime('now'));
INSERT INTO battle_logs (id, user_id, date, battle_type, rank, group_name, my_deck_id, turn, result, opponent_deck_id, season, created_at, updated_at) VALUES ('260', NULL, '2025-09-27', '0', 'ダイアモンド', 'AA', '1', '後攻', 'WIN', '1', 3, datetime('now'), datetime('now'));
INSERT INTO battle_logs (id, user_id, date, battle_type, rank, group_name, my_deck_id, turn, result, opponent_deck_id, season, created_at, updated_at) VALUES ('261', NULL, '2025-09-29', '1', 'ダイアモンド', 'AA', '1', '後攻', 'LOSE', '24', 3, datetime('now'), datetime('now'));
INSERT INTO battle_logs (id, user_id, date, battle_type, rank, group_name, my_deck_id, turn, result, opponent_deck_id, season, created_at, updated_at) VALUES ('262', NULL, '2025-09-29', '1', 'ダイアモンド', 'AA', '1', '先行', 'LOSE', '3', 3, datetime('now'), datetime('now'));
INSERT INTO battle_logs (id, user_id, date, battle_type, rank, group_name, my_deck_id, turn, result, opponent_deck_id, season, created_at, updated_at) VALUES ('263', NULL, '2025-09-30', '0', 'ルビー', 'AA', '1', '先行', 'WIN', '21', 4, datetime('now'), datetime('now'));
INSERT INTO battle_logs (id, user_id, date, battle_type, rank, group_name, my_deck_id, turn, result, opponent_deck_id, season, created_at, updated_at) VALUES ('264', NULL, '2025-09-30', '1', 'ルビー', 'AA', '1', '先行', 'LOSE', '20', 4, datetime('now'), datetime('now'));
INSERT INTO battle_logs (id, user_id, date, battle_type, rank, group_name, my_deck_id, turn, result, opponent_deck_id, season, created_at, updated_at) VALUES ('265', NULL, '2025-09-30', '0', 'ルビー', 'AA', '1', '先行', 'WIN', '1', 4, datetime('now'), datetime('now'));
INSERT INTO battle_logs (id, user_id, date, battle_type, rank, group_name, my_deck_id, turn, result, opponent_deck_id, season, created_at, updated_at) VALUES ('266', NULL, '2025-10-01', '0', 'ルビー', 'AA', '1', '後攻', 'WIN', '20', 4, datetime('now'), datetime('now'));
INSERT INTO battle_logs (id, user_id, date, battle_type, rank, group_name, my_deck_id, turn, result, opponent_deck_id, season, created_at, updated_at) VALUES ('267', NULL, '2025-10-01', '1', 'ルビー', 'AA', '1', '後攻', 'LOSE', '9', 4, datetime('now'), datetime('now'));
INSERT INTO battle_logs (id, user_id, date, battle_type, rank, group_name, my_deck_id, turn, result, opponent_deck_id, season, created_at, updated_at) VALUES ('268', NULL, '2025-10-01', '1', 'ルビー', 'AA', '1', '後攻', 'LOSE', '9', 4, datetime('now'), datetime('now'));
INSERT INTO battle_logs (id, user_id, date, battle_type, rank, group_name, my_deck_id, turn, result, opponent_deck_id, season, created_at, updated_at) VALUES ('269', NULL, '2025-10-02', '1', 'ルビー', 'AA', '1', '先行', 'LOSE', '2', 4, datetime('now'), datetime('now'));
INSERT INTO battle_logs (id, user_id, date, battle_type, rank, group_name, my_deck_id, turn, result, opponent_deck_id, season, created_at, updated_at) VALUES ('270', NULL, '2025-10-02', '1', 'ルビー', 'AA', '1', '先行', 'LOSE', '11', 4, datetime('now'), datetime('now'));
INSERT INTO battle_logs (id, user_id, date, battle_type, rank, group_name, my_deck_id, turn, result, opponent_deck_id, season, created_at, updated_at) VALUES ('271', NULL, '2025-10-02', '0', 'ルビー', 'AA', '1', '先行', 'WIN', '2', 4, datetime('now'), datetime('now'));
INSERT INTO battle_logs (id, user_id, date, battle_type, rank, group_name, my_deck_id, turn, result, opponent_deck_id, season, created_at, updated_at) VALUES ('272', NULL, '2025-10-03', '1', 'ルビー', 'AA', '1', '後攻', 'LOSE', '9', 4, datetime('now'), datetime('now'));
INSERT INTO battle_logs (id, user_id, date, battle_type, rank, group_name, my_deck_id, turn, result, opponent_deck_id, season, created_at, updated_at) VALUES ('273', NULL, '2025-10-03', '1', 'ルビー', 'AA', '1', '先行', 'LOSE', '21', 4, datetime('now'), datetime('now'));
INSERT INTO battle_logs (id, user_id, date, battle_type, rank, group_name, my_deck_id, turn, result, opponent_deck_id, season, created_at, updated_at) VALUES ('274', NULL, '2025-10-03', '0', 'ルビー', 'AA', '1', '後攻', 'WIN', '9', 4, datetime('now'), datetime('now'));
INSERT INTO battle_logs (id, user_id, date, battle_type, rank, group_name, my_deck_id, turn, result, opponent_deck_id, season, created_at, updated_at) VALUES ('275', NULL, '2025-10-06', '1', 'ルビー', 'AA', '1', '後攻', 'LOSE', '25', 4, datetime('now'), datetime('now'));
INSERT INTO battle_logs (id, user_id, date, battle_type, rank, group_name, my_deck_id, turn, result, opponent_deck_id, season, created_at, updated_at) VALUES ('276', NULL, '2025-10-06', '1', 'ルビー', 'AA', '1', '後攻', 'LOSE', '25', 4, datetime('now'), datetime('now'));
INSERT INTO battle_logs (id, user_id, date, battle_type, rank, group_name, my_deck_id, turn, result, opponent_deck_id, season, created_at, updated_at) VALUES ('277', NULL, '2025-10-06', '1', 'ルビー', 'AA', '1', '先行', 'LOSE', '2', 4, datetime('now'), datetime('now'));
INSERT INTO battle_logs (id, user_id, date, battle_type, rank, group_name, my_deck_id, turn, result, opponent_deck_id, season, created_at, updated_at) VALUES ('278', NULL, '2025-10-06', '1', 'ルビー', 'AA', '1', '後攻', 'LOSE', '24', 4, datetime('now'), datetime('now'));
INSERT INTO battle_logs (id, user_id, date, battle_type, rank, group_name, my_deck_id, turn, result, opponent_deck_id, season, created_at, updated_at) VALUES ('279', NULL, '2025-10-06', '0', 'ルビー', 'AA', '1', '先行', 'WIN', '24', 4, datetime('now'), datetime('now'));
INSERT INTO battle_logs (id, user_id, date, battle_type, rank, group_name, my_deck_id, turn, result, opponent_deck_id, season, created_at, updated_at) VALUES ('280', NULL, '2025-10-07', '1', 'ルビー', 'AA', '1', '先行', 'LOSE', '9', 4, datetime('now'), datetime('now'));
INSERT INTO battle_logs (id, user_id, date, battle_type, rank, group_name, my_deck_id, turn, result, opponent_deck_id, season, created_at, updated_at) VALUES ('281', NULL, '2025-10-07', '1', 'ルビー', 'AA', '1', '後攻', 'LOSE', '2', 4, datetime('now'), datetime('now'));
INSERT INTO battle_logs (id, user_id, date, battle_type, rank, group_name, my_deck_id, turn, result, opponent_deck_id, season, created_at, updated_at) VALUES ('282', NULL, '2025-10-07', '1', 'トパーズ', 'AA', '1', '後攻', 'LOSE', '1', 4, datetime('now'), datetime('now'));
INSERT INTO battle_logs (id, user_id, date, battle_type, rank, group_name, my_deck_id, turn, result, opponent_deck_id, season, created_at, updated_at) VALUES ('283', NULL, '2025-10-07', '0', 'トパーズ', 'AA', '1', '先行', 'WIN', '2', 4, datetime('now'), datetime('now'));
INSERT INTO battle_logs (id, user_id, date, battle_type, rank, group_name, my_deck_id, turn, result, opponent_deck_id, season, created_at, updated_at) VALUES ('284', NULL, '2025-10-07', '1', 'トパーズ', 'AA', '1', '先行', 'LOSE', '21', 4, datetime('now'), datetime('now'));
INSERT INTO battle_logs (id, user_id, date, battle_type, rank, group_name, my_deck_id, turn, result, opponent_deck_id, season, created_at, updated_at) VALUES ('285', NULL, '2025-10-07', '0', 'トパーズ', 'AA', '1', '先行', 'WIN', '1', 4, datetime('now'), datetime('now'));
INSERT INTO battle_logs (id, user_id, date, battle_type, rank, group_name, my_deck_id, turn, result, opponent_deck_id, season, created_at, updated_at) VALUES ('286', NULL, '2025-10-08', '0', 'トパーズ', 'AA', '1', '後攻', 'WIN', '1', 4, datetime('now'), datetime('now'));
INSERT INTO battle_logs (id, user_id, date, battle_type, rank, group_name, my_deck_id, turn, result, opponent_deck_id, season, created_at, updated_at) VALUES ('287', NULL, '2025-10-08', '1', 'トパーズ', 'AA', '1', '先行', 'LOSE', '9', 4, datetime('now'), datetime('now'));
INSERT INTO battle_logs (id, user_id, date, battle_type, rank, group_name, my_deck_id, turn, result, opponent_deck_id, season, created_at, updated_at) VALUES ('288', NULL, '2025-10-08', '1', 'トパーズ', 'AA', '1', '先行', 'LOSE', '21', 4, datetime('now'), datetime('now'));
INSERT INTO battle_logs (id, user_id, date, battle_type, rank, group_name, my_deck_id, turn, result, opponent_deck_id, season, created_at, updated_at) VALUES ('289', NULL, '2025-10-08', '0', 'トパーズ', 'AA', '1', '後攻', 'WIN', '25', 4, datetime('now'), datetime('now'));
INSERT INTO battle_logs (id, user_id, date, battle_type, rank, group_name, my_deck_id, turn, result, opponent_deck_id, season, created_at, updated_at) VALUES ('290', NULL, '2025-10-09', '1', 'トパーズ', 'AA', '1', '先行', 'LOSE', '21', 4, datetime('now'), datetime('now'));
INSERT INTO battle_logs (id, user_id, date, battle_type, rank, group_name, my_deck_id, turn, result, opponent_deck_id, season, created_at, updated_at) VALUES ('291', NULL, '2025-10-09', '0', 'トパーズ', 'AA', '1', '先行', 'WIN', '24', 4, datetime('now'), datetime('now'));
INSERT INTO battle_logs (id, user_id, date, battle_type, rank, group_name, my_deck_id, turn, result, opponent_deck_id, season, created_at, updated_at) VALUES ('292', NULL, '2025-10-09', '1', 'トパーズ', 'AA', '1', '後攻', 'LOSE', '14', 4, datetime('now'), datetime('now'));
INSERT INTO battle_logs (id, user_id, date, battle_type, rank, group_name, my_deck_id, turn, result, opponent_deck_id, season, created_at, updated_at) VALUES ('293', NULL, '2025-10-10', '0', 'トパーズ', 'AA', '1', '後攻', 'WIN', '25', 4, datetime('now'), datetime('now'));
INSERT INTO battle_logs (id, user_id, date, battle_type, rank, group_name, my_deck_id, turn, result, opponent_deck_id, season, created_at, updated_at) VALUES ('294', NULL, '2025-10-10', '1', 'トパーズ', 'AA', '1', '後攻', 'LOSE', '21', 4, datetime('now'), datetime('now'));
INSERT INTO battle_logs (id, user_id, date, battle_type, rank, group_name, my_deck_id, turn, result, opponent_deck_id, season, created_at, updated_at) VALUES ('295', NULL, '2025-10-10', '0', 'トパーズ', 'AA', '1', '先行', 'WIN', '2', 4, datetime('now'), datetime('now'));
INSERT INTO battle_logs (id, user_id, date, battle_type, rank, group_name, my_deck_id, turn, result, opponent_deck_id, season, created_at, updated_at) VALUES ('296', NULL, '2025-10-11', '0', 'トパーズ', 'AA', '1', '先行', 'WIN', '19', 4, datetime('now'), datetime('now'));
INSERT INTO battle_logs (id, user_id, date, battle_type, rank, group_name, my_deck_id, turn, result, opponent_deck_id, season, created_at, updated_at) VALUES ('297', NULL, '2025-10-11', '1', 'ルビー', 'AA', '1', '先行', 'LOSE', '10', 4, datetime('now'), datetime('now'));
INSERT INTO battle_logs (id, user_id, date, battle_type, rank, group_name, my_deck_id, turn, result, opponent_deck_id, season, created_at, updated_at) VALUES ('298', NULL, '2025-10-12', '0', 'ルビー', 'AA', '1', '先行', 'WIN', '2', 4, datetime('now'), datetime('now'));
INSERT INTO battle_logs (id, user_id, date, battle_type, rank, group_name, my_deck_id, turn, result, opponent_deck_id, season, created_at, updated_at) VALUES ('299', NULL, '2025-10-12', '0', 'ルビー', 'AA', '1', '先行', 'WIN', '1', 4, datetime('now'), datetime('now'));
INSERT INTO battle_logs (id, user_id, date, battle_type, rank, group_name, my_deck_id, turn, result, opponent_deck_id, season, created_at, updated_at) VALUES ('300', NULL, '2025-10-12', '1', 'ルビー', 'AA', '1', '後攻', 'LOSE', '9', 4, datetime('now'), datetime('now'));
INSERT INTO battle_logs (id, user_id, date, battle_type, rank, group_name, my_deck_id, turn, result, opponent_deck_id, season, created_at, updated_at) VALUES ('301', NULL, '2025-10-14', '1', 'ルビー', 'AA', '1', '先行', 'LOSE', '25', 4, datetime('now'), datetime('now'));
INSERT INTO battle_logs (id, user_id, date, battle_type, rank, group_name, my_deck_id, turn, result, opponent_deck_id, season, created_at, updated_at) VALUES ('302', NULL, '2025-10-14', '0', 'ルビー', 'AA', '1', '先行', 'WIN', '21', 4, datetime('now'), datetime('now'));
INSERT INTO battle_logs (id, user_id, date, battle_type, rank, group_name, my_deck_id, turn, result, opponent_deck_id, season, created_at, updated_at) VALUES ('303', NULL, '2025-10-14', '0', 'ルビー', 'AA', '1', '先行', 'WIN', '1', 4, datetime('now'), datetime('now'));
INSERT INTO battle_logs (id, user_id, date, battle_type, rank, group_name, my_deck_id, turn, result, opponent_deck_id, season, created_at, updated_at) VALUES ('304', NULL, '2025-10-14', '1', 'ルビー', 'AA', '1', '後攻', 'LOSE', '21', 4, datetime('now'), datetime('now'));
INSERT INTO battle_logs (id, user_id, date, battle_type, rank, group_name, my_deck_id, turn, result, opponent_deck_id, season, created_at, updated_at) VALUES ('305', NULL, '2025-10-15', '1', 'ルビー', 'AA', '1', '後攻', 'LOSE', '14', 4, datetime('now'), datetime('now'));
INSERT INTO battle_logs (id, user_id, date, battle_type, rank, group_name, my_deck_id, turn, result, opponent_deck_id, season, created_at, updated_at) VALUES ('306', NULL, '2025-10-15', '0', 'ルビー', 'AA', '1', '後攻', 'WIN', '9', 4, datetime('now'), datetime('now'));
INSERT INTO battle_logs (id, user_id, date, battle_type, rank, group_name, my_deck_id, turn, result, opponent_deck_id, season, created_at, updated_at) VALUES ('307', NULL, '2025-10-16', '0', 'ルビー', 'AA', '1', '後攻', 'WIN', '9', 4, datetime('now'), datetime('now'));
INSERT INTO battle_logs (id, user_id, date, battle_type, rank, group_name, my_deck_id, turn, result, opponent_deck_id, season, created_at, updated_at) VALUES ('308', NULL, '2025-10-16', '0', 'ルビー', 'AA', '1', '後攻', 'WIN', '9', 4, datetime('now'), datetime('now'));
INSERT INTO battle_logs (id, user_id, date, battle_type, rank, group_name, my_deck_id, turn, result, opponent_deck_id, season, created_at, updated_at) VALUES ('309', NULL, '2025-10-17', '1', 'ルビー', 'AA', '1', '先行', 'LOSE', '9', 4, datetime('now'), datetime('now'));
INSERT INTO battle_logs (id, user_id, date, battle_type, rank, group_name, my_deck_id, turn, result, opponent_deck_id, season, created_at, updated_at) VALUES ('310', NULL, '2025-10-17', '0', 'ルビー', 'AA', '1', '後攻', 'WIN', '9', 4, datetime('now'), datetime('now'));
INSERT INTO battle_logs (id, user_id, date, battle_type, rank, group_name, my_deck_id, turn, result, opponent_deck_id, season, created_at, updated_at) VALUES ('311', NULL, '2025-10-17', '0', 'ルビー', 'AA', '1', '後攻', 'WIN', '11', 4, datetime('now'), datetime('now'));
INSERT INTO battle_logs (id, user_id, date, battle_type, rank, group_name, my_deck_id, turn, result, opponent_deck_id, season, created_at, updated_at) VALUES ('312', NULL, '2025-10-19', '0', 'ルビー', 'AA', '1', '先行', 'WIN', '20', 4, datetime('now'), datetime('now'));
INSERT INTO battle_logs (id, user_id, date, battle_type, rank, group_name, my_deck_id, turn, result, opponent_deck_id, season, created_at, updated_at) VALUES ('313', NULL, '2025-10-19', '0', 'ルビー', 'AA', '1', '後攻', 'WIN', '4', 4, datetime('now'), datetime('now'));
INSERT INTO battle_logs (id, user_id, date, battle_type, rank, group_name, my_deck_id, turn, result, opponent_deck_id, season, created_at, updated_at) VALUES ('314', NULL, '2025-10-20', '1', 'ルビー', 'AA', '1', '後攻', 'LOSE', '21', 4, datetime('now'), datetime('now'));
INSERT INTO battle_logs (id, user_id, date, battle_type, rank, group_name, my_deck_id, turn, result, opponent_deck_id, season, created_at, updated_at) VALUES ('315', NULL, '2025-10-20', '0', 'ルビー', 'AA', '1', '後攻', 'WIN', '1', 4, datetime('now'), datetime('now'));
INSERT INTO battle_logs (id, user_id, date, battle_type, rank, group_name, my_deck_id, turn, result, opponent_deck_id, season, created_at, updated_at) VALUES ('316', NULL, '2025-10-21', '0', 'サファイア', 'AA', '1', '先行', 'WIN', '21', 4, datetime('now'), datetime('now'));
INSERT INTO battle_logs (id, user_id, date, battle_type, rank, group_name, my_deck_id, turn, result, opponent_deck_id, season, created_at, updated_at) VALUES ('317', NULL, '2025-10-21', '1', 'サファイア', 'AA', '1', '先行', 'LOSE', '2', 4, datetime('now'), datetime('now'));
INSERT INTO battle_logs (id, user_id, date, battle_type, rank, group_name, my_deck_id, turn, result, opponent_deck_id, season, created_at, updated_at) VALUES ('318', NULL, '2025-10-21', '0', 'サファイア', 'AA', '1', '後攻', 'WIN', '21', 4, datetime('now'), datetime('now'));
INSERT INTO battle_logs (id, user_id, date, battle_type, rank, group_name, my_deck_id, turn, result, opponent_deck_id, season, created_at, updated_at) VALUES ('319', NULL, '2025-10-22', '0', 'サファイア', 'AA', '1', '後攻', 'WIN', '25', 4, datetime('now'), datetime('now'));
INSERT INTO battle_logs (id, user_id, date, battle_type, rank, group_name, my_deck_id, turn, result, opponent_deck_id, season, created_at, updated_at) VALUES ('320', NULL, '2025-10-22', '1', 'サファイア', 'AA', '1', '後攻', 'LOSE', '24', 4, datetime('now'), datetime('now'));
INSERT INTO battle_logs (id, user_id, date, battle_type, rank, group_name, my_deck_id, turn, result, opponent_deck_id, season, created_at, updated_at) VALUES ('321', NULL, '2025-10-22', '1', 'サファイア', 'AA', '1', '後攻', 'LOSE', '21', 4, datetime('now'), datetime('now'));
INSERT INTO battle_logs (id, user_id, date, battle_type, rank, group_name, my_deck_id, turn, result, opponent_deck_id, season, created_at, updated_at) VALUES ('322', NULL, '2025-10-22', '1', 'サファイア', 'AA', '1', '後攻', 'LOSE', '21', 4, datetime('now'), datetime('now'));
INSERT INTO battle_logs (id, user_id, date, battle_type, rank, group_name, my_deck_id, turn, result, opponent_deck_id, season, created_at, updated_at) VALUES ('323', NULL, '2025-10-22', '0', 'サファイア', 'AA', '1', '後攻', 'WIN', '21', 4, datetime('now'), datetime('now'));
INSERT INTO battle_logs (id, user_id, date, battle_type, rank, group_name, my_deck_id, turn, result, opponent_deck_id, season, created_at, updated_at) VALUES ('324', NULL, '2025-10-23', '0', 'サファイア', 'AA', '1', '後攻', 'WIN', '9', 4, datetime('now'), datetime('now'));
INSERT INTO battle_logs (id, user_id, date, battle_type, rank, group_name, my_deck_id, turn, result, opponent_deck_id, season, created_at, updated_at) VALUES ('325', NULL, '2025-10-23', '1', 'サファイア', 'AA', '1', '後攻', 'LOSE', '1', 4, datetime('now'), datetime('now'));
INSERT INTO battle_logs (id, user_id, date, battle_type, rank, group_name, my_deck_id, turn, result, opponent_deck_id, season, created_at, updated_at) VALUES ('326', NULL, '2025-10-23', '1', 'サファイア', 'AA', '1', '後攻', 'LOSE', '10', 4, datetime('now'), datetime('now'));
INSERT INTO battle_logs (id, user_id, date, battle_type, rank, group_name, my_deck_id, turn, result, opponent_deck_id, season, created_at, updated_at) VALUES ('327', NULL, '2025-10-23', '1', 'サファイア', 'AA', '1', '後攻', 'LOSE', '2', 4, datetime('now'), datetime('now'));
INSERT INTO battle_logs (id, user_id, date, battle_type, rank, group_name, my_deck_id, turn, result, opponent_deck_id, season, created_at, updated_at) VALUES ('328', NULL, '2025-10-23', '0', 'サファイア', 'AA', '1', '先行', 'WIN', '1', 4, datetime('now'), datetime('now'));
INSERT INTO battle_logs (id, user_id, date, battle_type, rank, group_name, my_deck_id, turn, result, opponent_deck_id, season, created_at, updated_at) VALUES ('329', NULL, '2025-10-27', '0', 'サファイア', 'AA', '1', '先行', 'WIN', '1', 4, datetime('now'), datetime('now'));
INSERT INTO battle_logs (id, user_id, date, battle_type, rank, group_name, my_deck_id, turn, result, opponent_deck_id, season, created_at, updated_at) VALUES ('330', NULL, '2025-10-27', '1', 'サファイア', 'AA', '1', '先行', 'LOSE', '20', 4, datetime('now'), datetime('now'));
INSERT INTO battle_logs (id, user_id, date, battle_type, rank, group_name, my_deck_id, turn, result, opponent_deck_id, season, created_at, updated_at) VALUES ('331', NULL, '2025-10-27', '1', 'サファイア', 'AA', '1', '後攻', 'LOSE', '11', 4, datetime('now'), datetime('now'));
INSERT INTO battle_logs (id, user_id, date, battle_type, rank, group_name, my_deck_id, turn, result, opponent_deck_id, season, created_at, updated_at) VALUES ('332', NULL, '2025-10-27', '1', 'サファイア', 'AA', '1', '後攻', 'LOSE', '17', 4, datetime('now'), datetime('now'));
INSERT INTO battle_logs (id, user_id, date, battle_type, rank, group_name, my_deck_id, turn, result, opponent_deck_id, season, created_at, updated_at) VALUES ('333', NULL, '2025-10-27', '1', 'サファイア', 'AA', '1', '先行', 'LOSE', '3', 4, datetime('now'), datetime('now'));
INSERT INTO battle_logs (id, user_id, date, battle_type, rank, group_name, my_deck_id, turn, result, opponent_deck_id, season, created_at, updated_at) VALUES ('334', NULL, '2025-10-27', '0', 'サファイア', 'AA', '1', '後攻', 'WIN', '2', 4, datetime('now'), datetime('now'));
INSERT INTO battle_logs (id, user_id, date, battle_type, rank, group_name, my_deck_id, turn, result, opponent_deck_id, season, created_at, updated_at) VALUES ('335', NULL, '2025-10-31', '1', 'ルビー', 'AA', '2', '先行', 'LOSE', '24', 5, datetime('now'), datetime('now'));
INSERT INTO battle_logs (id, user_id, date, battle_type, rank, group_name, my_deck_id, turn, result, opponent_deck_id, season, created_at, updated_at) VALUES ('336', NULL, '2025-10-31', '1', 'ルビー', 'AA', '2', '先行', 'LOSE', '23', 5, datetime('now'), datetime('now'));
INSERT INTO battle_logs (id, user_id, date, battle_type, rank, group_name, my_deck_id, turn, result, opponent_deck_id, season, created_at, updated_at) VALUES ('337', NULL, '2025-10-31', '1', 'ルビー', 'AA', '2', '先行', 'LOSE', '1', 5, datetime('now'), datetime('now'));
INSERT INTO battle_logs (id, user_id, date, battle_type, rank, group_name, my_deck_id, turn, result, opponent_deck_id, season, created_at, updated_at) VALUES ('338', NULL, '2025-10-31', '1', 'ルビー', 'AA', '2', '後攻', 'LOSE', '30', 5, datetime('now'), datetime('now'));
INSERT INTO battle_logs (id, user_id, date, battle_type, rank, group_name, my_deck_id, turn, result, opponent_deck_id, season, created_at, updated_at) VALUES ('339', NULL, '2025-10-31', '1', 'ルビー', 'AA', '2', '後攻', 'LOSE', '23', 5, datetime('now'), datetime('now'));
INSERT INTO battle_logs (id, user_id, date, battle_type, rank, group_name, my_deck_id, turn, result, opponent_deck_id, season, created_at, updated_at) VALUES ('340', NULL, '2025-10-31', '0', 'ルビー', 'AA', '2', '後攻', 'WIN', '24', 5, datetime('now'), datetime('now'));
INSERT INTO battle_logs (id, user_id, date, battle_type, rank, group_name, my_deck_id, turn, result, opponent_deck_id, season, created_at, updated_at) VALUES ('341', NULL, '2025-11-01', '1', 'ルビー', 'AA', '2', '先行', 'LOSE', '30', 5, datetime('now'), datetime('now'));
INSERT INTO battle_logs (id, user_id, date, battle_type, rank, group_name, my_deck_id, turn, result, opponent_deck_id, season, created_at, updated_at) VALUES ('342', NULL, '2025-11-01', '1', 'ルビー', 'AA', '2', '先行', 'LOSE', '30', 5, datetime('now'), datetime('now'));
INSERT INTO battle_logs (id, user_id, date, battle_type, rank, group_name, my_deck_id, turn, result, opponent_deck_id, season, created_at, updated_at) VALUES ('343', NULL, '2025-11-01', '1', 'ルビー', 'AA', '2', '先行', 'LOSE', '23', 5, datetime('now'), datetime('now'));
INSERT INTO battle_logs (id, user_id, date, battle_type, rank, group_name, my_deck_id, turn, result, opponent_deck_id, season, created_at, updated_at) VALUES ('344', NULL, '2025-11-01', '0', 'ルビー', 'AA', '2', '先行', 'WIN', '23', 5, datetime('now'), datetime('now'));
INSERT INTO battle_logs (id, user_id, date, battle_type, rank, group_name, my_deck_id, turn, result, opponent_deck_id, season, created_at, updated_at) VALUES ('345', NULL, '2025-11-01', '1', 'ルビー', 'AA', '2', '後攻', 'LOSE', '2', 5, datetime('now'), datetime('now'));
INSERT INTO battle_logs (id, user_id, date, battle_type, rank, group_name, my_deck_id, turn, result, opponent_deck_id, season, created_at, updated_at) VALUES ('346', NULL, '2025-11-01', '1', 'ルビー', 'AA', '2', '後攻', 'LOSE', '30', 5, datetime('now'), datetime('now'));
INSERT INTO battle_logs (id, user_id, date, battle_type, rank, group_name, my_deck_id, turn, result, opponent_deck_id, season, created_at, updated_at) VALUES ('347', NULL, '2025-11-01', '1', 'ルビー', 'AA', '2', '後攻', 'LOSE', '11', 5, datetime('now'), datetime('now'));
INSERT INTO battle_logs (id, user_id, date, battle_type, rank, group_name, my_deck_id, turn, result, opponent_deck_id, season, created_at, updated_at) VALUES ('348', NULL, '2025-11-01', '1', 'ルビー', 'AA', '2', '後攻', 'LOSE', '30', 5, datetime('now'), datetime('now'));
INSERT INTO battle_logs (id, user_id, date, battle_type, rank, group_name, my_deck_id, turn, result, opponent_deck_id, season, created_at, updated_at) VALUES ('349', NULL, '2025-11-01', '0', 'ルビー', 'AA', '2', '後攻', 'WIN', '21', 5, datetime('now'), datetime('now'));
INSERT INTO battle_logs (id, user_id, date, battle_type, rank, group_name, my_deck_id, turn, result, opponent_deck_id, season, created_at, updated_at) VALUES ('350', NULL, '2025-11-01', '0', 'ルビー', 'AA', '2', '後攻', 'WIN', '30', 5, datetime('now'), datetime('now'));
INSERT INTO battle_logs (id, user_id, date, battle_type, rank, group_name, my_deck_id, turn, result, opponent_deck_id, season, created_at, updated_at) VALUES ('351', NULL, '2025-11-01', '1', 'ルビー', 'AA', '2', '後攻', 'LOSE', '23', 5, datetime('now'), datetime('now'));
INSERT INTO battle_logs (id, user_id, date, battle_type, rank, group_name, my_deck_id, turn, result, opponent_deck_id, season, created_at, updated_at) VALUES ('352', NULL, '2025-11-01', '1', 'トパーズ', 'AA', '2', '後攻', 'LOSE', '25', 5, datetime('now'), datetime('now'));
INSERT INTO battle_logs (id, user_id, date, battle_type, rank, group_name, my_deck_id, turn, result, opponent_deck_id, season, created_at, updated_at) VALUES ('353', NULL, '2025-11-01', '0', 'トパーズ', 'AA', '2', '先行', 'WIN', '23', 5, datetime('now'), datetime('now'));
INSERT INTO battle_logs (id, user_id, date, battle_type, rank, group_name, my_deck_id, turn, result, opponent_deck_id, season, created_at, updated_at) VALUES ('354', NULL, '2025-11-01', '1', 'トパーズ', 'AA', '2', '先行', 'LOSE', '21', 5, datetime('now'), datetime('now'));
INSERT INTO battle_logs (id, user_id, date, battle_type, rank, group_name, my_deck_id, turn, result, opponent_deck_id, season, created_at, updated_at) VALUES ('355', NULL, '2025-11-01', '0', 'トパーズ', 'AA', '2', '後攻', 'WIN', '2', 5, datetime('now'), datetime('now'));
INSERT INTO battle_logs (id, user_id, date, battle_type, rank, group_name, my_deck_id, turn, result, opponent_deck_id, season, created_at, updated_at) VALUES ('356', NULL, '2025-11-01', '0', 'トパーズ', 'AA', '2', '先行', 'WIN', '21', 5, datetime('now'), datetime('now'));
INSERT INTO battle_logs (id, user_id, date, battle_type, rank, group_name, my_deck_id, turn, result, opponent_deck_id, season, created_at, updated_at) VALUES ('357', NULL, '2025-11-01', '1', 'トパーズ', 'AA', '2', '先行', 'LOSE', '30', 5, datetime('now'), datetime('now'));
INSERT INTO battle_logs (id, user_id, date, battle_type, rank, group_name, my_deck_id, turn, result, opponent_deck_id, season, created_at, updated_at) VALUES ('358', NULL, '2025-11-01', '0', 'トパーズ', 'AA', '2', '後攻', 'WIN', '24', 5, datetime('now'), datetime('now'));
INSERT INTO battle_logs (id, user_id, date, battle_type, rank, group_name, my_deck_id, turn, result, opponent_deck_id, season, created_at, updated_at) VALUES ('359', NULL, '2025-11-01', '1', 'トパーズ', 'AA', '2', '先行', 'LOSE', '4', 5, datetime('now'), datetime('now'));
INSERT INTO battle_logs (id, user_id, date, battle_type, rank, group_name, my_deck_id, turn, result, opponent_deck_id, season, created_at, updated_at) VALUES ('360', NULL, '2025-11-01', '1', 'トパーズ', 'AA', '2', '先行', 'LOSE', '11', 5, datetime('now'), datetime('now'));
INSERT INTO battle_logs (id, user_id, date, battle_type, rank, group_name, my_deck_id, turn, result, opponent_deck_id, season, created_at, updated_at) VALUES ('361', NULL, '2025-11-01', '0', 'トパーズ', 'AA', '2', '先行', 'WIN', '11', 5, datetime('now'), datetime('now'));
INSERT INTO battle_logs (id, user_id, date, battle_type, rank, group_name, my_deck_id, turn, result, opponent_deck_id, season, created_at, updated_at) VALUES ('362', NULL, '2025-11-01', '0', 'トパーズ', 'AA', '2', '先行', 'WIN', '20', 5, datetime('now'), datetime('now'));
INSERT INTO battle_logs (id, user_id, date, battle_type, rank, group_name, my_deck_id, turn, result, opponent_deck_id, season, created_at, updated_at) VALUES ('363', NULL, '2025-11-02', '0', 'トパーズ', 'AA', '2', '後攻', 'WIN', '2', 5, datetime('now'), datetime('now'));
INSERT INTO battle_logs (id, user_id, date, battle_type, rank, group_name, my_deck_id, turn, result, opponent_deck_id, season, created_at, updated_at) VALUES ('364', NULL, '2025-11-02', '1', 'トパーズ', 'AA', '2', '先行', 'LOSE', '21', 5, datetime('now'), datetime('now'));
INSERT INTO battle_logs (id, user_id, date, battle_type, rank, group_name, my_deck_id, turn, result, opponent_deck_id, season, created_at, updated_at) VALUES ('365', NULL, '2025-11-02', '0', 'トパーズ', 'AA', '2', '先行', 'WIN', '23', 5, datetime('now'), datetime('now'));
INSERT INTO battle_logs (id, user_id, date, battle_type, rank, group_name, my_deck_id, turn, result, opponent_deck_id, season, created_at, updated_at) VALUES ('366', NULL, '2025-11-03', '1', 'トパーズ', 'AA', '2', '後攻', 'LOSE', '20', 5, datetime('now'), datetime('now'));
INSERT INTO battle_logs (id, user_id, date, battle_type, rank, group_name, my_deck_id, turn, result, opponent_deck_id, season, created_at, updated_at) VALUES ('367', NULL, '2025-11-03', '1', 'トパーズ', 'AA', '2', '後攻', 'LOSE', '30', 5, datetime('now'), datetime('now'));
INSERT INTO battle_logs (id, user_id, date, battle_type, rank, group_name, my_deck_id, turn, result, opponent_deck_id, season, created_at, updated_at) VALUES ('368', NULL, '2025-11-03', '0', 'トパーズ', 'AA', '2', '後攻', 'WIN', '31', 5, datetime('now'), datetime('now'));
INSERT INTO battle_logs (id, user_id, date, battle_type, rank, group_name, my_deck_id, turn, result, opponent_deck_id, season, created_at, updated_at) VALUES ('369', NULL, '2025-11-03', '0', 'トパーズ', 'AA', '2', '先行', 'WIN', '1', 5, datetime('now'), datetime('now'));
INSERT INTO battle_logs (id, user_id, date, battle_type, rank, group_name, my_deck_id, turn, result, opponent_deck_id, season, created_at, updated_at) VALUES ('370', NULL, '2025-11-03', '0', 'ルビー', 'AA', '2', '後攻', 'WIN', '32', 5, datetime('now'), datetime('now'));
INSERT INTO battle_logs (id, user_id, date, battle_type, rank, group_name, my_deck_id, turn, result, opponent_deck_id, season, created_at, updated_at) VALUES ('371', NULL, '2025-11-03', '0', 'ルビー', 'AA', '2', '後攻', 'WIN', '30', 5, datetime('now'), datetime('now'));
INSERT INTO battle_logs (id, user_id, date, battle_type, rank, group_name, my_deck_id, turn, result, opponent_deck_id, season, created_at, updated_at) VALUES ('372', NULL, '2025-11-03', '0', 'ルビー', 'AA', '2', '後攻', 'WIN', '21', 5, datetime('now'), datetime('now'));
INSERT INTO battle_logs (id, user_id, date, battle_type, rank, group_name, my_deck_id, turn, result, opponent_deck_id, season, created_at, updated_at) VALUES ('373', NULL, '2025-11-04', '0', 'ルビー', 'AA', '2', '先行', 'WIN', '20', 5, datetime('now'), datetime('now'));
INSERT INTO battle_logs (id, user_id, date, battle_type, rank, group_name, my_deck_id, turn, result, opponent_deck_id, season, created_at, updated_at) VALUES ('374', NULL, '2025-11-04', '1', 'ルビー', 'AA', '2', '先行', 'LOSE', '2', 5, datetime('now'), datetime('now'));
INSERT INTO battle_logs (id, user_id, date, battle_type, rank, group_name, my_deck_id, turn, result, opponent_deck_id, season, created_at, updated_at) VALUES ('375', NULL, '2025-11-04', '1', 'ルビー', 'AA', '2', '後攻', 'LOSE', '23', 5, datetime('now'), datetime('now'));
INSERT INTO battle_logs (id, user_id, date, battle_type, rank, group_name, my_deck_id, turn, result, opponent_deck_id, season, created_at, updated_at) VALUES ('376', NULL, '2025-11-04', '0', 'ルビー', 'AA', '2', '先行', 'WIN', '24', 5, datetime('now'), datetime('now'));
INSERT INTO battle_logs (id, user_id, date, battle_type, rank, group_name, my_deck_id, turn, result, opponent_deck_id, season, created_at, updated_at) VALUES ('377', NULL, '2025-11-05', '0', 'ルビー', 'AA', '2', '先行', 'WIN', '20', 5, datetime('now'), datetime('now'));
INSERT INTO battle_logs (id, user_id, date, battle_type, rank, group_name, my_deck_id, turn, result, opponent_deck_id, season, created_at, updated_at) VALUES ('378', NULL, '2025-11-05', '0', 'ルビー', 'AA', '2', '後攻', 'WIN', '23', 5, datetime('now'), datetime('now'));
INSERT INTO battle_logs (id, user_id, date, battle_type, rank, group_name, my_deck_id, turn, result, opponent_deck_id, season, created_at, updated_at) VALUES ('379', NULL, '2025-11-05', '0', 'ルビー', 'AA', '2', '先行', 'WIN', '30', 5, datetime('now'), datetime('now'));
INSERT INTO battle_logs (id, user_id, date, battle_type, rank, group_name, my_deck_id, turn, result, opponent_deck_id, season, created_at, updated_at) VALUES ('380', NULL, '2025-11-05', '0', 'ルビー', 'AA', '2', '先行', 'WIN', '21', 5, datetime('now'), datetime('now'));
INSERT INTO battle_logs (id, user_id, date, battle_type, rank, group_name, my_deck_id, turn, result, opponent_deck_id, season, created_at, updated_at) VALUES ('381', NULL, '2025-11-05', '0', 'ルビー', 'AA', '2', '先行', 'WIN', '24', 5, datetime('now'), datetime('now'));
INSERT INTO battle_logs (id, user_id, date, battle_type, rank, group_name, my_deck_id, turn, result, opponent_deck_id, season, created_at, updated_at) VALUES ('382', NULL, '2025-11-06', '0', 'ルビー', 'AA', '2', '後攻', 'WIN', '30', 5, datetime('now'), datetime('now'));
INSERT INTO battle_logs (id, user_id, date, battle_type, rank, group_name, my_deck_id, turn, result, opponent_deck_id, season, created_at, updated_at) VALUES ('383', NULL, '2025-11-06', '0', 'ルビー', 'AA', '2', '後攻', 'WIN', '33', 5, datetime('now'), datetime('now'));
INSERT INTO battle_logs (id, user_id, date, battle_type, rank, group_name, my_deck_id, turn, result, opponent_deck_id, season, created_at, updated_at) VALUES ('384', NULL, '2025-11-06', '1', 'サファイア', 'AA', '2', '先行', 'LOSE', '7', 5, datetime('now'), datetime('now'));
INSERT INTO battle_logs (id, user_id, date, battle_type, rank, group_name, my_deck_id, turn, result, opponent_deck_id, season, created_at, updated_at) VALUES ('385', NULL, '2025-11-06', '0', 'サファイア', 'AA', '2', '先行', 'WIN', '20', 5, datetime('now'), datetime('now'));
INSERT INTO battle_logs (id, user_id, date, battle_type, rank, group_name, my_deck_id, turn, result, opponent_deck_id, season, created_at, updated_at) VALUES ('386', NULL, '2025-11-07', '1', 'サファイア', 'AA', '2', '先行', 'LOSE', '30', 5, datetime('now'), datetime('now'));
INSERT INTO battle_logs (id, user_id, date, battle_type, rank, group_name, my_deck_id, turn, result, opponent_deck_id, season, created_at, updated_at) VALUES ('387', NULL, '2025-11-07', '0', 'サファイア', 'AA', '2', '後攻', 'WIN', '12', 5, datetime('now'), datetime('now'));
INSERT INTO battle_logs (id, user_id, date, battle_type, rank, group_name, my_deck_id, turn, result, opponent_deck_id, season, created_at, updated_at) VALUES ('388', NULL, '2025-11-07', '0', 'サファイア', 'AA', '2', '先行', 'WIN', '33', 5, datetime('now'), datetime('now'));
INSERT INTO battle_logs (id, user_id, date, battle_type, rank, group_name, my_deck_id, turn, result, opponent_deck_id, season, created_at, updated_at) VALUES ('389', NULL, '2025-11-08', '1', 'サファイア', 'AA', '2', '後攻', 'LOSE', '11', 5, datetime('now'), datetime('now'));
INSERT INTO battle_logs (id, user_id, date, battle_type, rank, group_name, my_deck_id, turn, result, opponent_deck_id, season, created_at, updated_at) VALUES ('390', NULL, '2025-11-08', '0', 'サファイア', 'AA', '2', '後攻', 'WIN', '5', 5, datetime('now'), datetime('now'));
INSERT INTO battle_logs (id, user_id, date, battle_type, rank, group_name, my_deck_id, turn, result, opponent_deck_id, season, created_at, updated_at) VALUES ('391', NULL, '2025-11-08', '0', 'サファイア', 'AA', '2', '後攻', 'WIN', '30', 5, datetime('now'), datetime('now'));
INSERT INTO battle_logs (id, user_id, date, battle_type, rank, group_name, my_deck_id, turn, result, opponent_deck_id, season, created_at, updated_at) VALUES ('392', NULL, '2025-11-08', '1', 'サファイア', 'AA', '2', '後攻', 'LOSE', '15', 5, datetime('now'), datetime('now'));
INSERT INTO battle_logs (id, user_id, date, battle_type, rank, group_name, my_deck_id, turn, result, opponent_deck_id, season, created_at, updated_at) VALUES ('393', NULL, '2025-11-08', '0', 'サファイア', 'AA', '2', '後攻', 'WIN', '9', 5, datetime('now'), datetime('now'));
INSERT INTO battle_logs (id, user_id, date, battle_type, rank, group_name, my_deck_id, turn, result, opponent_deck_id, season, created_at, updated_at) VALUES ('394', NULL, '2025-11-08', '0', 'サファイア', 'AA', '2', '先行', 'WIN', '30', 5, datetime('now'), datetime('now'));
INSERT INTO battle_logs (id, user_id, date, battle_type, rank, group_name, my_deck_id, turn, result, opponent_deck_id, season, created_at, updated_at) VALUES ('395', NULL, '2025-11-08', '0', 'サファイア', 'AA', '2', '先行', 'WIN', '11', 5, datetime('now'), datetime('now'));
INSERT INTO battle_logs (id, user_id, date, battle_type, rank, group_name, my_deck_id, turn, result, opponent_deck_id, season, created_at, updated_at) VALUES ('396', NULL, '2025-11-08', '1', 'サファイア', 'AA', '2', '先行', 'LOSE', '9', 5, datetime('now'), datetime('now'));
INSERT INTO battle_logs (id, user_id, date, battle_type, rank, group_name, my_deck_id, turn, result, opponent_deck_id, season, created_at, updated_at) VALUES ('397', NULL, '2025-11-08', '0', 'サファイア', 'AA', '2', '先行', 'WIN', '5', 5, datetime('now'), datetime('now'));
INSERT INTO battle_logs (id, user_id, date, battle_type, rank, group_name, my_deck_id, turn, result, opponent_deck_id, season, created_at, updated_at) VALUES ('398', NULL, '2025-11-08', '1', 'サファイア', 'AA', '2', '後攻', 'LOSE', '23', 5, datetime('now'), datetime('now'));
INSERT INTO battle_logs (id, user_id, date, battle_type, rank, group_name, my_deck_id, turn, result, opponent_deck_id, season, created_at, updated_at) VALUES ('399', NULL, '2025-11-08', '1', 'サファイア', 'AA', '2', '後攻', 'LOSE', '20', 5, datetime('now'), datetime('now'));
INSERT INTO battle_logs (id, user_id, date, battle_type, rank, group_name, my_deck_id, turn, result, opponent_deck_id, season, created_at, updated_at) VALUES ('400', NULL, '2025-11-08', '1', 'サファイア', 'AA', '2', '先行', 'LOSE', '20', 5, datetime('now'), datetime('now'));
INSERT INTO battle_logs (id, user_id, date, battle_type, rank, group_name, my_deck_id, turn, result, opponent_deck_id, season, created_at, updated_at) VALUES ('401', NULL, '2025-11-08', '0', 'サファイア', 'AA', '2', '後攻', 'WIN', '30', 5, datetime('now'), datetime('now'));
INSERT INTO battle_logs (id, user_id, date, battle_type, rank, group_name, my_deck_id, turn, result, opponent_deck_id, season, created_at, updated_at) VALUES ('402', NULL, '2025-11-08', '0', 'サファイア', 'AA', '2', '後攻', 'WIN', '23', 5, datetime('now'), datetime('now'));
INSERT INTO battle_logs (id, user_id, date, battle_type, rank, group_name, my_deck_id, turn, result, opponent_deck_id, season, created_at, updated_at) VALUES ('403', NULL, '2025-11-09', '1', 'サファイア', 'Master', '2', '先行', 'LOSE', '3', 5, datetime('now'), datetime('now'));
INSERT INTO battle_logs (id, user_id, date, battle_type, rank, group_name, my_deck_id, turn, result, opponent_deck_id, season, created_at, updated_at) VALUES ('404', NULL, '2025-11-09', '0', 'サファイア', 'Master', '2', '先行', 'WIN', '11', 5, datetime('now'), datetime('now'));
INSERT INTO battle_logs (id, user_id, date, battle_type, rank, group_name, my_deck_id, turn, result, opponent_deck_id, season, created_at, updated_at) VALUES ('405', NULL, '2025-11-09', '0', 'サファイア', 'Master', '2', '後攻', 'WIN', '20', 5, datetime('now'), datetime('now'));
INSERT INTO battle_logs (id, user_id, date, battle_type, rank, group_name, my_deck_id, turn, result, opponent_deck_id, season, created_at, updated_at) VALUES ('406', NULL, '2025-11-09', '0', 'サファイア', 'Master', '2', '先行', 'WIN', '5', 5, datetime('now'), datetime('now'));
INSERT INTO battle_logs (id, user_id, date, battle_type, rank, group_name, my_deck_id, turn, result, opponent_deck_id, season, created_at, updated_at) VALUES ('407', NULL, '2025-11-10', '1', 'ダイアモンド', 'Master', '2', '後攻', 'LOSE', '5', 5, datetime('now'), datetime('now'));
INSERT INTO battle_logs (id, user_id, date, battle_type, rank, group_name, my_deck_id, turn, result, opponent_deck_id, season, created_at, updated_at) VALUES ('408', NULL, '2025-11-10', '0', 'ダイアモンド', 'Master', '2', '後攻', 'WIN', '4', 5, datetime('now'), datetime('now'));
INSERT INTO battle_logs (id, user_id, date, battle_type, rank, group_name, my_deck_id, turn, result, opponent_deck_id, season, created_at, updated_at) VALUES ('409', NULL, '2025-11-10', '1', 'ダイアモンド', 'Master', '2', '後攻', 'LOSE', '24', 5, datetime('now'), datetime('now'));
INSERT INTO battle_logs (id, user_id, date, battle_type, rank, group_name, my_deck_id, turn, result, opponent_deck_id, season, created_at, updated_at) VALUES ('410', NULL, '2025-11-10', '0', 'ダイアモンド', 'Master', '2', '後攻', 'WIN', '30', 5, datetime('now'), datetime('now'));
INSERT INTO battle_logs (id, user_id, date, battle_type, rank, group_name, my_deck_id, turn, result, opponent_deck_id, season, created_at, updated_at) VALUES ('411', NULL, '2025-11-10', '1', 'ダイアモンド', 'Master', '2', '先行', 'LOSE', '23', 5, datetime('now'), datetime('now'));
INSERT INTO battle_logs (id, user_id, date, battle_type, rank, group_name, my_deck_id, turn, result, opponent_deck_id, season, created_at, updated_at) VALUES ('412', NULL, '2025-11-10', '1', 'ダイアモンド', 'Master', '2', '後攻', 'LOSE', '2', 5, datetime('now'), datetime('now'));
INSERT INTO battle_logs (id, user_id, date, battle_type, rank, group_name, my_deck_id, turn, result, opponent_deck_id, season, created_at, updated_at) VALUES ('413', NULL, '2025-11-10', '1', 'ダイアモンド', 'Master', '2', '後攻', 'LOSE', '3', 5, datetime('now'), datetime('now'));
INSERT INTO battle_logs (id, user_id, date, battle_type, rank, group_name, my_deck_id, turn, result, opponent_deck_id, season, created_at, updated_at) VALUES ('414', NULL, '2025-11-10', '1', 'ダイアモンド', 'Master', '2', '先行', 'LOSE', '9', 5, datetime('now'), datetime('now'));
INSERT INTO battle_logs (id, user_id, date, battle_type, rank, group_name, my_deck_id, turn, result, opponent_deck_id, season, created_at, updated_at) VALUES ('415', NULL, '2025-11-10', '0', 'ダイアモンド', 'Master', '2', '先行', 'WIN', '1', 5, datetime('now'), datetime('now'));
INSERT INTO battle_logs (id, user_id, date, battle_type, rank, group_name, my_deck_id, turn, result, opponent_deck_id, season, created_at, updated_at) VALUES ('416', NULL, '2025-11-10', '1', 'ダイアモンド', 'Master', '2', '後攻', 'LOSE', '20', 5, datetime('now'), datetime('now'));
INSERT INTO battle_logs (id, user_id, date, battle_type, rank, group_name, my_deck_id, turn, result, opponent_deck_id, season, created_at, updated_at) VALUES ('417', NULL, '2025-11-10', '0', 'ダイアモンド', 'Master', '2', '後攻', 'WIN', '20', 5, datetime('now'), datetime('now'));
INSERT INTO battle_logs (id, user_id, date, battle_type, rank, group_name, my_deck_id, turn, result, opponent_deck_id, season, created_at, updated_at) VALUES ('418', NULL, '2025-11-10', '1', 'ダイアモンド', 'Master', '2', '先行', 'LOSE', '30', 5, datetime('now'), datetime('now'));
INSERT INTO battle_logs (id, user_id, date, battle_type, rank, group_name, my_deck_id, turn, result, opponent_deck_id, season, created_at, updated_at) VALUES ('419', NULL, '2025-11-10', '1', 'ダイアモンド', 'Master', '2', '先行', 'LOSE', '9', 5, datetime('now'), datetime('now'));
INSERT INTO battle_logs (id, user_id, date, battle_type, rank, group_name, my_deck_id, turn, result, opponent_deck_id, season, created_at, updated_at) VALUES ('420', NULL, '2025-11-10', '0', 'ダイアモンド', 'Master', '2', '先行', 'WIN', '3', 5, datetime('now'), datetime('now'));
INSERT INTO battle_logs (id, user_id, date, battle_type, rank, group_name, my_deck_id, turn, result, opponent_deck_id, season, created_at, updated_at) VALUES ('421', NULL, '2025-11-11', '1', 'ダイアモンド', 'Master', '2', '先行', 'LOSE', '9', 5, datetime('now'), datetime('now'));
INSERT INTO battle_logs (id, user_id, date, battle_type, rank, group_name, my_deck_id, turn, result, opponent_deck_id, season, created_at, updated_at) VALUES ('422', NULL, '2025-11-11', '0', 'ダイアモンド', 'Master', '2', '先行', 'WIN', '23', 5, datetime('now'), datetime('now'));
INSERT INTO battle_logs (id, user_id, date, battle_type, rank, group_name, my_deck_id, turn, result, opponent_deck_id, season, created_at, updated_at) VALUES ('423', NULL, '2025-11-11', '1', 'ダイアモンド', 'Master', '2', '後攻', 'LOSE', '20', 5, datetime('now'), datetime('now'));
INSERT INTO battle_logs (id, user_id, date, battle_type, rank, group_name, my_deck_id, turn, result, opponent_deck_id, season, created_at, updated_at) VALUES ('424', NULL, '2025-11-11', '1', 'サファイア', 'Master', '2', '先行', 'LOSE', '9', 5, datetime('now'), datetime('now'));
INSERT INTO battle_logs (id, user_id, date, battle_type, rank, group_name, my_deck_id, turn, result, opponent_deck_id, season, created_at, updated_at) VALUES ('425', NULL, '2025-11-11', '0', 'サファイア', 'Master', '2', '後攻', 'WIN', '11', 5, datetime('now'), datetime('now'));
INSERT INTO battle_logs (id, user_id, date, battle_type, rank, group_name, my_deck_id, turn, result, opponent_deck_id, season, created_at, updated_at) VALUES ('426', NULL, '2025-11-11', '0', 'サファイア', 'Master', '2', '先行', 'WIN', '30', 5, datetime('now'), datetime('now'));
INSERT INTO battle_logs (id, user_id, date, battle_type, rank, group_name, my_deck_id, turn, result, opponent_deck_id, season, created_at, updated_at) VALUES ('427', NULL, '2025-11-11', '1', 'サファイア', 'Master', '2', '後攻', 'LOSE', '9', 5, datetime('now'), datetime('now'));
INSERT INTO battle_logs (id, user_id, date, battle_type, rank, group_name, my_deck_id, turn, result, opponent_deck_id, season, created_at, updated_at) VALUES ('428', NULL, '2025-11-11', '1', 'サファイア', 'Master', '2', '後攻', 'LOSE', '8', 5, datetime('now'), datetime('now'));
INSERT INTO battle_logs (id, user_id, date, battle_type, rank, group_name, my_deck_id, turn, result, opponent_deck_id, season, created_at, updated_at) VALUES ('429', NULL, '2025-11-11', '0', 'サファイア', 'Master', '2', '先行', 'WIN', '7', 5, datetime('now'), datetime('now'));
INSERT INTO battle_logs (id, user_id, date, battle_type, rank, group_name, my_deck_id, turn, result, opponent_deck_id, season, created_at, updated_at) VALUES ('430', NULL, '2025-11-12', '1', 'サファイア', 'Master', '2', '後攻', 'LOSE', '30', 5, datetime('now'), datetime('now'));
INSERT INTO battle_logs (id, user_id, date, battle_type, rank, group_name, my_deck_id, turn, result, opponent_deck_id, season, created_at, updated_at) VALUES ('431', NULL, '2025-11-12', '0', 'サファイア', 'Master', '2', '後攻', 'WIN', '11', 5, datetime('now'), datetime('now'));
INSERT INTO battle_logs (id, user_id, date, battle_type, rank, group_name, my_deck_id, turn, result, opponent_deck_id, season, created_at, updated_at) VALUES ('432', NULL, '2025-11-12', '0', 'サファイア', 'Master', '2', '先行', 'WIN', '9', 5, datetime('now'), datetime('now'));
INSERT INTO battle_logs (id, user_id, date, battle_type, rank, group_name, my_deck_id, turn, result, opponent_deck_id, season, created_at, updated_at) VALUES ('433', NULL, '2025-11-12', '0', 'サファイア', 'Master', '2', '先行', 'WIN', '9', 5, datetime('now'), datetime('now'));
INSERT INTO battle_logs (id, user_id, date, battle_type, rank, group_name, my_deck_id, turn, result, opponent_deck_id, season, created_at, updated_at) VALUES ('434', NULL, '2025-11-13', '0', 'サファイア', 'Master', '2', '先行', 'WIN', '23', 5, datetime('now'), datetime('now'));
INSERT INTO battle_logs (id, user_id, date, battle_type, rank, group_name, my_deck_id, turn, result, opponent_deck_id, season, created_at, updated_at) VALUES ('435', NULL, '2025-11-13', '1', 'サファイア', 'Master', '2', '先行', 'LOSE', '24', 5, datetime('now'), datetime('now'));
INSERT INTO battle_logs (id, user_id, date, battle_type, rank, group_name, my_deck_id, turn, result, opponent_deck_id, season, created_at, updated_at) VALUES ('436', NULL, '2025-11-13', '0', 'サファイア', 'Master', '2', '先行', 'WIN', '9', 5, datetime('now'), datetime('now'));
INSERT INTO battle_logs (id, user_id, date, battle_type, rank, group_name, my_deck_id, turn, result, opponent_deck_id, season, created_at, updated_at) VALUES ('437', NULL, '2025-11-13', '1', 'サファイア', 'Master', '2', '後攻', 'LOSE', '5', 5, datetime('now'), datetime('now'));
INSERT INTO battle_logs (id, user_id, date, battle_type, rank, group_name, my_deck_id, turn, result, opponent_deck_id, season, created_at, updated_at) VALUES ('438', NULL, '2025-11-13', '0', 'サファイア', 'Master', '2', '後攻', 'WIN', '2', 5, datetime('now'), datetime('now'));
INSERT INTO battle_logs (id, user_id, date, battle_type, rank, group_name, my_deck_id, turn, result, opponent_deck_id, season, created_at, updated_at) VALUES ('439', NULL, '2025-11-13', '0', 'サファイア', 'Master', '2', '先行', 'WIN', '20', 5, datetime('now'), datetime('now'));
INSERT INTO battle_logs (id, user_id, date, battle_type, rank, group_name, my_deck_id, turn, result, opponent_deck_id, season, created_at, updated_at) VALUES ('440', NULL, '2025-11-13', '0', 'サファイア', 'Master', '2', '先行', 'WIN', '5', 5, datetime('now'), datetime('now'));
INSERT INTO battle_logs (id, user_id, date, battle_type, rank, group_name, my_deck_id, turn, result, opponent_deck_id, season, created_at, updated_at) VALUES ('441', NULL, '2025-11-14', '0', 'サファイア', 'Master', '2', '先行', 'WIN', '20', 5, datetime('now'), datetime('now'));
INSERT INTO battle_logs (id, user_id, date, battle_type, rank, group_name, my_deck_id, turn, result, opponent_deck_id, season, created_at, updated_at) VALUES ('442', NULL, '2025-11-14', '1', 'サファイア', 'Master', '2', '後攻', 'LOSE', '30', 5, datetime('now'), datetime('now'));
INSERT INTO battle_logs (id, user_id, date, battle_type, rank, group_name, my_deck_id, turn, result, opponent_deck_id, season, created_at, updated_at) VALUES ('443', NULL, '2025-11-14', '0', 'サファイア', 'Master', '2', '後攻', 'WIN', '3', 5, datetime('now'), datetime('now'));
INSERT INTO battle_logs (id, user_id, date, battle_type, rank, group_name, my_deck_id, turn, result, opponent_deck_id, season, created_at, updated_at) VALUES ('444', NULL, '2025-11-14', '1', 'ダイアモンド', 'Master', '2', '先行', 'LOSE', '3', 5, datetime('now'), datetime('now'));
INSERT INTO battle_logs (id, user_id, date, battle_type, rank, group_name, my_deck_id, turn, result, opponent_deck_id, season, created_at, updated_at) VALUES ('445', NULL, '2025-11-14', '1', 'ダイアモンド', 'Master', '2', '後攻', 'LOSE', '30', 5, datetime('now'), datetime('now'));
INSERT INTO battle_logs (id, user_id, date, battle_type, rank, group_name, my_deck_id, turn, result, opponent_deck_id, season, created_at, updated_at) VALUES ('446', NULL, '2025-11-14', '0', 'ダイアモンド', 'Master', '2', '先行', 'WIN', '9', 5, datetime('now'), datetime('now'));
INSERT INTO battle_logs (id, user_id, date, battle_type, rank, group_name, my_deck_id, turn, result, opponent_deck_id, season, created_at, updated_at) VALUES ('447', NULL, '2025-11-15', '1', 'ダイアモンド', 'Master', '2', '先行', 'LOSE', '15', 5, datetime('now'), datetime('now'));
INSERT INTO battle_logs (id, user_id, date, battle_type, rank, group_name, my_deck_id, turn, result, opponent_deck_id, season, created_at, updated_at) VALUES ('448', NULL, '2025-11-15', '0', 'ダイアモンド', 'Master', '2', '先行', 'WIN', '11', 5, datetime('now'), datetime('now'));
INSERT INTO battle_logs (id, user_id, date, battle_type, rank, group_name, my_deck_id, turn, result, opponent_deck_id, season, created_at, updated_at) VALUES ('449', NULL, '2025-11-15', '0', 'ダイアモンド', 'Master', '2', '先行', 'WIN', '30', 5, datetime('now'), datetime('now'));
INSERT INTO battle_logs (id, user_id, date, battle_type, rank, group_name, my_deck_id, turn, result, opponent_deck_id, season, created_at, updated_at) VALUES ('450', NULL, '2025-11-15', '1', 'ダイアモンド', 'Master', '2', '後攻', 'LOSE', '9', 5, datetime('now'), datetime('now'));
INSERT INTO battle_logs (id, user_id, date, battle_type, rank, group_name, my_deck_id, turn, result, opponent_deck_id, season, created_at, updated_at) VALUES ('451', NULL, '2025-11-15', '1', 'ダイアモンド', 'Master', '2', '先行', 'LOSE', '2', 5, datetime('now'), datetime('now'));
INSERT INTO battle_logs (id, user_id, date, battle_type, rank, group_name, my_deck_id, turn, result, opponent_deck_id, season, created_at, updated_at) VALUES ('452', NULL, '2025-11-15', '0', 'ダイアモンド', 'Master', '2', '先行', 'WIN', '30', 5, datetime('now'), datetime('now'));
INSERT INTO battle_logs (id, user_id, date, battle_type, rank, group_name, my_deck_id, turn, result, opponent_deck_id, season, created_at, updated_at) VALUES ('453', NULL, '2025-11-16', '0', 'ダイアモンド', 'Master', '2', '先行', 'WIN', '20', 5, datetime('now'), datetime('now'));
INSERT INTO battle_logs (id, user_id, date, battle_type, rank, group_name, my_deck_id, turn, result, opponent_deck_id, season, created_at, updated_at) VALUES ('454', NULL, '2025-11-17', '1', 'ダイアモンド', 'Master', '2', '先行', 'LOSE', '9', 5, datetime('now'), datetime('now'));
INSERT INTO battle_logs (id, user_id, date, battle_type, rank, group_name, my_deck_id, turn, result, opponent_deck_id, season, created_at, updated_at) VALUES ('455', NULL, '2025-11-17', '1', 'ダイアモンド', 'Master', '2', '後攻', 'LOSE', '2', 5, datetime('now'), datetime('now'));
INSERT INTO battle_logs (id, user_id, date, battle_type, rank, group_name, my_deck_id, turn, result, opponent_deck_id, season, created_at, updated_at) VALUES ('456', NULL, '2025-11-17', '0', 'ダイアモンド', 'Master', '2', '先行', 'WIN', '21', 5, datetime('now'), datetime('now'));
INSERT INTO battle_logs (id, user_id, date, battle_type, rank, group_name, my_deck_id, turn, result, opponent_deck_id, season, created_at, updated_at) VALUES ('457', NULL, '2025-11-17', '0', 'ダイアモンド', 'Master', '2', '先行', 'WIN', '2', 5, datetime('now'), datetime('now'));
INSERT INTO battle_logs (id, user_id, date, battle_type, rank, group_name, my_deck_id, turn, result, opponent_deck_id, season, created_at, updated_at) VALUES ('458', NULL, '2025-11-19', '0', 'ダイアモンド', 'Master', '2', '先行', 'WIN', '24', 5, datetime('now'), datetime('now'));
INSERT INTO battle_logs (id, user_id, date, battle_type, rank, group_name, my_deck_id, turn, result, opponent_deck_id, season, created_at, updated_at) VALUES ('459', NULL, '2025-11-20', '0', 'ダイアモンド', 'Master', '2', '先行', 'WIN', '20', 5, datetime('now'), datetime('now'));
INSERT INTO battle_logs (id, user_id, date, battle_type, rank, group_name, my_deck_id, turn, result, opponent_deck_id, season, created_at, updated_at) VALUES ('460', NULL, '2025-11-20', '1', 'ダイアモンド', 'Master', '2', '後攻', 'LOSE', '9', 5, datetime('now'), datetime('now'));
INSERT INTO battle_logs (id, user_id, date, battle_type, rank, group_name, my_deck_id, turn, result, opponent_deck_id, season, created_at, updated_at) VALUES ('461', NULL, '2025-11-20', '1', 'ダイアモンド', 'Master', '2', '後攻', 'LOSE', '11', 5, datetime('now'), datetime('now'));
INSERT INTO battle_logs (id, user_id, date, battle_type, rank, group_name, my_deck_id, turn, result, opponent_deck_id, season, created_at, updated_at) VALUES ('462', NULL, '2025-11-20', '0', 'ダイアモンド', 'Master', '2', '先行', 'WIN', '23', 5, datetime('now'), datetime('now'));
INSERT INTO battle_logs (id, user_id, date, battle_type, rank, group_name, my_deck_id, turn, result, opponent_deck_id, season, created_at, updated_at) VALUES ('463', NULL, '2025-11-20', '0', 'ダイアモンド', 'Master', '2', '後攻', 'WIN', '33', 5, datetime('now'), datetime('now'));
INSERT INTO battle_logs (id, user_id, date, battle_type, rank, group_name, my_deck_id, turn, result, opponent_deck_id, season, created_at, updated_at) VALUES ('464', NULL, '2025-11-21', '0', 'ダイアモンド', 'Master', '2', '先行', 'WIN', '9', 5, datetime('now'), datetime('now'));
INSERT INTO battle_logs (id, user_id, date, battle_type, rank, group_name, my_deck_id, turn, result, opponent_deck_id, season, created_at, updated_at) VALUES ('465', NULL, '2025-11-21', '0', 'ダイアモンド', 'Master', '2', '先行', 'WIN', '11', 5, datetime('now'), datetime('now'));
INSERT INTO battle_logs (id, user_id, date, battle_type, rank, group_name, my_deck_id, turn, result, opponent_deck_id, season, created_at, updated_at) VALUES ('466', NULL, '2025-11-22', '0', 'ダイアモンド', 'Master', '2', '先行', 'WIN', '33', 5, datetime('now'), datetime('now'));
INSERT INTO battle_logs (id, user_id, date, battle_type, rank, group_name, my_deck_id, turn, result, opponent_deck_id, season, created_at, updated_at) VALUES ('467', NULL, '2025-11-22', '1', 'ダイアモンド', 'Master', '2', '後攻', 'LOSE', '24', 5, datetime('now'), datetime('now'));
INSERT INTO battle_logs (id, user_id, date, battle_type, rank, group_name, my_deck_id, turn, result, opponent_deck_id, season, created_at, updated_at) VALUES ('468', NULL, '2025-11-22', '1', 'ダイアモンド', 'Master', '2', '後攻', 'LOSE', '23', 5, datetime('now'), datetime('now'));
INSERT INTO battle_logs (id, user_id, date, battle_type, rank, group_name, my_deck_id, turn, result, opponent_deck_id, season, created_at, updated_at) VALUES ('469', NULL, '2025-11-22', '0', 'ダイアモンド', 'Master', '2', '後攻', 'WIN', '2', 5, datetime('now'), datetime('now'));
INSERT INTO battle_logs (id, user_id, date, battle_type, rank, group_name, my_deck_id, turn, result, opponent_deck_id, season, created_at, updated_at) VALUES ('470', NULL, '2025-11-23', '1', 'ダイアモンド', 'Master', '2', '先行', 'LOSE', '20', 5, datetime('now'), datetime('now'));
INSERT INTO battle_logs (id, user_id, date, battle_type, rank, group_name, my_deck_id, turn, result, opponent_deck_id, season, created_at, updated_at) VALUES ('471', NULL, '2025-11-23', '1', 'ダイアモンド', 'Master', '2', '後攻', 'LOSE', '20', 5, datetime('now'), datetime('now'));
INSERT INTO battle_logs (id, user_id, date, battle_type, rank, group_name, my_deck_id, turn, result, opponent_deck_id, season, created_at, updated_at) VALUES ('472', NULL, '2025-11-23', '1', 'ダイアモンド', 'Master', '2', '先行', 'LOSE', '9', 5, datetime('now'), datetime('now'));
INSERT INTO battle_logs (id, user_id, date, battle_type, rank, group_name, my_deck_id, turn, result, opponent_deck_id, season, created_at, updated_at) VALUES ('473', NULL, '2025-11-23', '1', 'ダイアモンド', 'Master', '2', '先行', 'LOSE', '23', 5, datetime('now'), datetime('now'));
INSERT INTO battle_logs (id, user_id, date, battle_type, rank, group_name, my_deck_id, turn, result, opponent_deck_id, season, created_at, updated_at) VALUES ('474', NULL, '2025-11-23', '1', 'ダイアモンド', 'Master', '2', '後攻', 'LOSE', '20', 5, datetime('now'), datetime('now'));
INSERT INTO battle_logs (id, user_id, date, battle_type, rank, group_name, my_deck_id, turn, result, opponent_deck_id, season, created_at, updated_at) VALUES ('475', NULL, '2025-11-23', '0', 'ダイアモンド', 'Master', '2', '後攻', 'WIN', '2', 5, datetime('now'), datetime('now'));
INSERT INTO battle_logs (id, user_id, date, battle_type, rank, group_name, my_deck_id, turn, result, opponent_deck_id, season, created_at, updated_at) VALUES ('476', NULL, '2025-11-23', '0', 'ダイアモンド', 'Master', '2', '後攻', 'WIN', '9', 5, datetime('now'), datetime('now'));
INSERT INTO battle_logs (id, user_id, date, battle_type, rank, group_name, my_deck_id, turn, result, opponent_deck_id, season, created_at, updated_at) VALUES ('477', NULL, '2025-11-23', '1', 'ダイアモンド', 'Master', '2', '先行', 'LOSE', '20', 5, datetime('now'), datetime('now'));
INSERT INTO battle_logs (id, user_id, date, battle_type, rank, group_name, my_deck_id, turn, result, opponent_deck_id, season, created_at, updated_at) VALUES ('478', NULL, '2025-11-23', '1', 'ダイアモンド', 'Master', '2', '先行', 'LOSE', '30', 5, datetime('now'), datetime('now'));
INSERT INTO battle_logs (id, user_id, date, battle_type, rank, group_name, my_deck_id, turn, result, opponent_deck_id, season, created_at, updated_at) VALUES ('479', NULL, '2025-11-24', '0', 'サファイア', 'Master', '2', '先行', 'WIN', '5', 5, datetime('now'), datetime('now'));
INSERT INTO battle_logs (id, user_id, date, battle_type, rank, group_name, my_deck_id, turn, result, opponent_deck_id, season, created_at, updated_at) VALUES ('480', NULL, '2025-11-24', '0', 'サファイア', 'Master', '2', '先行', 'WIN', '2', 5, datetime('now'), datetime('now'));
INSERT INTO battle_logs (id, user_id, date, battle_type, rank, group_name, my_deck_id, turn, result, opponent_deck_id, season, created_at, updated_at) VALUES ('481', NULL, '2025-11-24', '0', 'サファイア', 'Master', '2', '後攻', 'WIN', '30', 5, datetime('now'), datetime('now'));
INSERT INTO battle_logs (id, user_id, date, battle_type, rank, group_name, my_deck_id, turn, result, opponent_deck_id, season, created_at, updated_at) VALUES ('482', NULL, '2025-11-24', '0', 'サファイア', 'Master', '2', '先行', 'WIN', '2', 5, datetime('now'), datetime('now'));
INSERT INTO battle_logs (id, user_id, date, battle_type, rank, group_name, my_deck_id, turn, result, opponent_deck_id, season, created_at, updated_at) VALUES ('483', NULL, '2025-11-24', '0', 'サファイア', 'Master', '2', '後攻', 'WIN', '6', 5, datetime('now'), datetime('now'));
INSERT INTO battle_logs (id, user_id, date, battle_type, rank, group_name, my_deck_id, turn, result, opponent_deck_id, season, created_at, updated_at) VALUES ('484', NULL, '2025-11-25', '0', 'サファイア', 'Master', '2', '先行', 'WIN', '23', 5, datetime('now'), datetime('now'));
INSERT INTO battle_logs (id, user_id, date, battle_type, rank, group_name, my_deck_id, turn, result, opponent_deck_id, season, created_at, updated_at) VALUES ('485', NULL, '2025-11-25', '1', 'サファイア', 'Master', '2', '後攻', 'LOSE', '24', 5, datetime('now'), datetime('now'));
INSERT INTO battle_logs (id, user_id, date, battle_type, rank, group_name, my_deck_id, turn, result, opponent_deck_id, season, created_at, updated_at) VALUES ('486', NULL, '2025-11-25', '0', 'サファイア', 'Master', '2', '後攻', 'WIN', '30', 5, datetime('now'), datetime('now'));
INSERT INTO battle_logs (id, user_id, date, battle_type, rank, group_name, my_deck_id, turn, result, opponent_deck_id, season, created_at, updated_at) VALUES ('487', NULL, '2025-11-25', '1', 'サファイア', 'Master', '2', '後攻', 'LOSE', '30', 5, datetime('now'), datetime('now'));
INSERT INTO battle_logs (id, user_id, date, battle_type, rank, group_name, my_deck_id, turn, result, opponent_deck_id, season, created_at, updated_at) VALUES ('488', NULL, '2025-11-25', '1', 'サファイア', 'Master', '2', '後攻', 'LOSE', '33', 5, datetime('now'), datetime('now'));
INSERT INTO battle_logs (id, user_id, date, battle_type, rank, group_name, my_deck_id, turn, result, opponent_deck_id, season, created_at, updated_at) VALUES ('489', NULL, '2025-11-25', '1', 'サファイア', 'Master', '2', '後攻', 'LOSE', '30', 5, datetime('now'), datetime('now'));
INSERT INTO battle_logs (id, user_id, date, battle_type, rank, group_name, my_deck_id, turn, result, opponent_deck_id, season, created_at, updated_at) VALUES ('490', NULL, '2025-11-25', '0', 'サファイア', 'Master', '2', '後攻', 'WIN', '30', 5, datetime('now'), datetime('now'));
INSERT INTO battle_logs (id, user_id, date, battle_type, rank, group_name, my_deck_id, turn, result, opponent_deck_id, season, created_at, updated_at) VALUES ('491', NULL, '2025-11-26', '1', 'サファイア', 'Master', '2', '先行', 'LOSE', '9', 5, datetime('now'), datetime('now'));
INSERT INTO battle_logs (id, user_id, date, battle_type, rank, group_name, my_deck_id, turn, result, opponent_deck_id, season, created_at, updated_at) VALUES ('492', NULL, '2025-11-26', '1', 'サファイア', 'Master', '2', '先行', 'LOSE', '11', 5, datetime('now'), datetime('now'));
INSERT INTO battle_logs (id, user_id, date, battle_type, rank, group_name, my_deck_id, turn, result, opponent_deck_id, season, created_at, updated_at) VALUES ('493', NULL, '2025-11-26', '1', 'サファイア', 'Master', '2', '先行', 'LOSE', '11', 5, datetime('now'), datetime('now'));
INSERT INTO battle_logs (id, user_id, date, battle_type, rank, group_name, my_deck_id, turn, result, opponent_deck_id, season, created_at, updated_at) VALUES ('494', NULL, '2025-11-26', '1', 'サファイア', 'Master', '2', '後攻', 'LOSE', '9', 5, datetime('now'), datetime('now'));
INSERT INTO battle_logs (id, user_id, date, battle_type, rank, group_name, my_deck_id, turn, result, opponent_deck_id, season, created_at, updated_at) VALUES ('495', NULL, '2025-11-26', '0', 'サファイア', 'Master', '2', '先行', 'WIN', '24', 5, datetime('now'), datetime('now'));
INSERT INTO battle_logs (id, user_id, date, battle_type, rank, group_name, my_deck_id, turn, result, opponent_deck_id, season, created_at, updated_at) VALUES ('496', NULL, '2025-11-26', '0', 'サファイア', 'Master', '2', '後攻', 'WIN', '2', 5, datetime('now'), datetime('now'));
INSERT INTO battle_logs (id, user_id, date, battle_type, rank, group_name, my_deck_id, turn, result, opponent_deck_id, season, created_at, updated_at) VALUES ('497', NULL, '2025-11-26', '0', 'サファイア', 'Master', '2', '先行', 'WIN', '20', 5, datetime('now'), datetime('now'));
INSERT INTO battle_logs (id, user_id, date, battle_type, rank, group_name, my_deck_id, turn, result, opponent_deck_id, season, created_at, updated_at) VALUES ('498', NULL, '2025-11-26', '1', 'サファイア', 'Master', '2', '後攻', 'LOSE', '23', 5, datetime('now'), datetime('now'));
INSERT INTO battle_logs (id, user_id, date, battle_type, rank, group_name, my_deck_id, turn, result, opponent_deck_id, season, created_at, updated_at) VALUES ('499', NULL, '2025-11-26', '0', 'サファイア', 'Master', '2', '先行', 'WIN', '9', 5, datetime('now'), datetime('now'));
INSERT INTO battle_logs (id, user_id, date, battle_type, rank, group_name, my_deck_id, turn, result, opponent_deck_id, season, created_at, updated_at) VALUES ('500', NULL, '2025-11-27', '0', 'サファイア', 'Master', '2', '後攻', 'WIN', '23', 5, datetime('now'), datetime('now'));
INSERT INTO battle_logs (id, user_id, date, battle_type, rank, group_name, my_deck_id, turn, result, opponent_deck_id, season, created_at, updated_at) VALUES ('501', NULL, '2025-11-27', '0', 'サファイア', 'Master', '2', '先行', 'WIN', '30', 5, datetime('now'), datetime('now'));
INSERT INTO battle_logs (id, user_id, date, battle_type, rank, group_name, my_deck_id, turn, result, opponent_deck_id, season, created_at, updated_at) VALUES ('502', NULL, '2025-11-27', '1', 'サファイア', 'Master', '2', '先行', 'LOSE', '23', 5, datetime('now'), datetime('now'));
INSERT INTO battle_logs (id, user_id, date, battle_type, rank, group_name, my_deck_id, turn, result, opponent_deck_id, season, created_at, updated_at) VALUES ('503', NULL, '2025-11-27', '1', 'サファイア', 'Master', '2', '後攻', 'LOSE', '11', 5, datetime('now'), datetime('now'));
INSERT INTO battle_logs (id, user_id, date, battle_type, rank, group_name, my_deck_id, turn, result, opponent_deck_id, season, created_at, updated_at) VALUES ('504', NULL, '2025-11-27', '1', 'サファイア', 'Master', '2', '後攻', 'LOSE', '20', 5, datetime('now'), datetime('now'));
INSERT INTO battle_logs (id, user_id, date, battle_type, rank, group_name, my_deck_id, turn, result, opponent_deck_id, season, created_at, updated_at) VALUES ('505', NULL, '2025-11-27', '1', 'ルビー', 'Master', '2', '先行', 'LOSE', '11', 5, datetime('now'), datetime('now'));
INSERT INTO battle_logs (id, user_id, date, battle_type, rank, group_name, my_deck_id, turn, result, opponent_deck_id, season, created_at, updated_at) VALUES ('506', NULL, '2025-11-27', '0', 'トパーズ', 'Master', '2', '先行', 'WIN', '31', 6, datetime('now'), datetime('now'));
INSERT INTO battle_logs (id, user_id, date, battle_type, rank, group_name, my_deck_id, turn, result, opponent_deck_id, season, created_at, updated_at) VALUES ('507', NULL, '2025-11-27', '1', 'トパーズ', 'Master', '2', '後攻', 'LOSE', '9', 6, datetime('now'), datetime('now'));
INSERT INTO battle_logs (id, user_id, date, battle_type, rank, group_name, my_deck_id, turn, result, opponent_deck_id, season, created_at, updated_at) VALUES ('508', NULL, '2025-11-27', '1', 'トパーズ', 'Master', '2', '後攻', 'LOSE', '17', 6, datetime('now'), datetime('now'));
INSERT INTO battle_logs (id, user_id, date, battle_type, rank, group_name, my_deck_id, turn, result, opponent_deck_id, season, created_at, updated_at) VALUES ('509', NULL, '2025-11-27', '0', 'トパーズ', 'Master', '2', '後攻', 'WIN', '24', 6, datetime('now'), datetime('now'));
INSERT INTO battle_logs (id, user_id, date, battle_type, rank, group_name, my_deck_id, turn, result, opponent_deck_id, season, created_at, updated_at) VALUES ('510', NULL, '2025-11-27', '0', 'トパーズ', 'Master', '2', '後攻', 'WIN', '33', 6, datetime('now'), datetime('now'));
INSERT INTO battle_logs (id, user_id, date, battle_type, rank, group_name, my_deck_id, turn, result, opponent_deck_id, season, created_at, updated_at) VALUES ('511', NULL, '2025-11-27', '0', 'トパーズ', 'Master', '2', '後攻', 'WIN', '1', 6, datetime('now'), datetime('now'));
INSERT INTO battle_logs (id, user_id, date, battle_type, rank, group_name, my_deck_id, turn, result, opponent_deck_id, season, created_at, updated_at) VALUES ('512', NULL, '2025-11-27', '1', 'トパーズ', 'Master', '2', '先行', 'LOSE', '17', 6, datetime('now'), datetime('now'));
INSERT INTO battle_logs (id, user_id, date, battle_type, rank, group_name, my_deck_id, turn, result, opponent_deck_id, season, created_at, updated_at) VALUES ('513', NULL, '2025-11-27', '0', 'トパーズ', 'Master', '2', '先行', 'WIN', '23', 6, datetime('now'), datetime('now'));
INSERT INTO battle_logs (id, user_id, date, battle_type, rank, group_name, my_deck_id, turn, result, opponent_deck_id, season, created_at, updated_at) VALUES ('514', NULL, '2025-11-28', '0', 'トパーズ', 'Master', '2', '後攻', 'WIN', '33', 6, datetime('now'), datetime('now'));
INSERT INTO battle_logs (id, user_id, date, battle_type, rank, group_name, my_deck_id, turn, result, opponent_deck_id, season, created_at, updated_at) VALUES ('515', NULL, '2025-11-28', '1', 'トパーズ', 'Master', '2', '後攻', 'LOSE', '30', 6, datetime('now'), datetime('now'));
INSERT INTO battle_logs (id, user_id, date, battle_type, rank, group_name, my_deck_id, turn, result, opponent_deck_id, season, created_at, updated_at) VALUES ('516', NULL, '2025-11-28', '0', 'トパーズ', 'Master', '2', '後攻', 'WIN', '31', 6, datetime('now'), datetime('now'));
INSERT INTO battle_logs (id, user_id, date, battle_type, rank, group_name, my_deck_id, turn, result, opponent_deck_id, season, created_at, updated_at) VALUES ('517', NULL, '2025-11-28', '1', 'トパーズ', 'Master', '2', '後攻', 'LOSE', '17', 6, datetime('now'), datetime('now'));
INSERT INTO battle_logs (id, user_id, date, battle_type, rank, group_name, my_deck_id, turn, result, opponent_deck_id, season, created_at, updated_at) VALUES ('518', NULL, '2025-11-28', '0', 'トパーズ', 'Master', '2', '先行', 'WIN', '9', 6, datetime('now'), datetime('now'));
INSERT INTO battle_logs (id, user_id, date, battle_type, rank, group_name, my_deck_id, turn, result, opponent_deck_id, season, created_at, updated_at) VALUES ('519', NULL, '2025-11-28', '1', 'ルビー', 'Master', '2', '後攻', 'LOSE', '3', 6, datetime('now'), datetime('now'));
INSERT INTO battle_logs (id, user_id, date, battle_type, rank, group_name, my_deck_id, turn, result, opponent_deck_id, season, created_at, updated_at) VALUES ('520', NULL, '2025-11-28', '1', 'ルビー', 'Master', '2', '後攻', 'LOSE', '23', 6, datetime('now'), datetime('now'));
INSERT INTO battle_logs (id, user_id, date, battle_type, rank, group_name, my_deck_id, turn, result, opponent_deck_id, season, created_at, updated_at) VALUES ('521', NULL, '2025-11-28', '0', 'ルビー', 'Master', '2', '先行', 'WIN', '23', 6, datetime('now'), datetime('now'));
INSERT INTO battle_logs (id, user_id, date, battle_type, rank, group_name, my_deck_id, turn, result, opponent_deck_id, season, created_at, updated_at) VALUES ('522', NULL, '2025-11-29', '1', 'ルビー', 'Master', '2', '先行', 'LOSE', '23', 6, datetime('now'), datetime('now'));
INSERT INTO battle_logs (id, user_id, date, battle_type, rank, group_name, my_deck_id, turn, result, opponent_deck_id, season, created_at, updated_at) VALUES ('523', NULL, '2025-11-29', '0', 'ルビー', 'Master', '2', '先行', 'WIN', '11', 6, datetime('now'), datetime('now'));
INSERT INTO battle_logs (id, user_id, date, battle_type, rank, group_name, my_deck_id, turn, result, opponent_deck_id, season, created_at, updated_at) VALUES ('524', NULL, '2025-11-29', '0', 'ルビー', 'Master', '2', '先行', 'WIN', '30', 6, datetime('now'), datetime('now'));
INSERT INTO battle_logs (id, user_id, date, battle_type, rank, group_name, my_deck_id, turn, result, opponent_deck_id, season, created_at, updated_at) VALUES ('525', NULL, '2025-11-29', '0', 'ルビー', 'Master', '2', '後攻', 'WIN', '30', 6, datetime('now'), datetime('now'));
INSERT INTO battle_logs (id, user_id, date, battle_type, rank, group_name, my_deck_id, turn, result, opponent_deck_id, season, created_at, updated_at) VALUES ('526', NULL, '2025-11-29', '1', 'ルビー', 'Master', '2', '後攻', 'LOSE', '20', 6, datetime('now'), datetime('now'));
INSERT INTO battle_logs (id, user_id, date, battle_type, rank, group_name, my_deck_id, turn, result, opponent_deck_id, season, created_at, updated_at) VALUES ('527', NULL, '2025-11-29', '1', 'ルビー', 'Master', '2', '先行', 'LOSE', '9', 6, datetime('now'), datetime('now'));
INSERT INTO battle_logs (id, user_id, date, battle_type, rank, group_name, my_deck_id, turn, result, opponent_deck_id, season, created_at, updated_at) VALUES ('528', NULL, '2025-11-29', '1', 'ルビー', 'Master', '2', '先行', 'LOSE', '2', 6, datetime('now'), datetime('now'));
INSERT INTO battle_logs (id, user_id, date, battle_type, rank, group_name, my_deck_id, turn, result, opponent_deck_id, season, created_at, updated_at) VALUES ('529', NULL, '2025-11-29', '1', 'ルビー', 'Master', '2', '後攻', 'LOSE', '34', 6, datetime('now'), datetime('now'));
INSERT INTO battle_logs (id, user_id, date, battle_type, rank, group_name, my_deck_id, turn, result, opponent_deck_id, season, created_at, updated_at) VALUES ('530', NULL, '2025-11-29', '1', 'ルビー', 'Master', '2', '先行', 'LOSE', '10', 6, datetime('now'), datetime('now'));
INSERT INTO battle_logs (id, user_id, date, battle_type, rank, group_name, my_deck_id, turn, result, opponent_deck_id, season, created_at, updated_at) VALUES ('531', NULL, '2025-11-29', '1', 'ルビー', 'Master', '2', '先行', 'LOSE', '20', 6, datetime('now'), datetime('now'));
INSERT INTO battle_logs (id, user_id, date, battle_type, rank, group_name, my_deck_id, turn, result, opponent_deck_id, season, created_at, updated_at) VALUES ('532', NULL, '2025-11-29', '1', 'ルビー', 'Master', '2', '後攻', 'LOSE', '34', 6, datetime('now'), datetime('now'));
INSERT INTO battle_logs (id, user_id, date, battle_type, rank, group_name, my_deck_id, turn, result, opponent_deck_id, season, created_at, updated_at) VALUES ('533', NULL, '2025-11-29', '0', 'ルビー', 'Master', '2', '後攻', 'WIN', '17', 6, datetime('now'), datetime('now'));
INSERT INTO battle_logs (id, user_id, date, battle_type, rank, group_name, my_deck_id, turn, result, opponent_deck_id, season, created_at, updated_at) VALUES ('534', NULL, '2025-11-29', '1', 'ルビー', 'Master', '2', '後攻', 'LOSE', '3', 6, datetime('now'), datetime('now'));
INSERT INTO battle_logs (id, user_id, date, battle_type, rank, group_name, my_deck_id, turn, result, opponent_deck_id, season, created_at, updated_at) VALUES ('535', NULL, '2025-11-29', '0', 'ルビー', 'Master', '2', '先行', 'WIN', '21', 6, datetime('now'), datetime('now'));
INSERT INTO battle_logs (id, user_id, date, battle_type, rank, group_name, my_deck_id, turn, result, opponent_deck_id, season, created_at, updated_at) VALUES ('536', NULL, '2025-11-29', '1', 'ルビー', 'Master', '2', '先行', 'LOSE', '6', 6, datetime('now'), datetime('now'));
INSERT INTO battle_logs (id, user_id, date, battle_type, rank, group_name, my_deck_id, turn, result, opponent_deck_id, season, created_at, updated_at) VALUES ('537', NULL, '2025-11-29', '0', 'ルビー', 'Master', '2', '先行', 'WIN', '17', 6, datetime('now'), datetime('now'));
INSERT INTO battle_logs (id, user_id, date, battle_type, rank, group_name, my_deck_id, turn, result, opponent_deck_id, season, created_at, updated_at) VALUES ('538', NULL, '2025-11-29', '1', 'ルビー', 'Master', '2', '後攻', 'LOSE', '17', 6, datetime('now'), datetime('now'));
INSERT INTO battle_logs (id, user_id, date, battle_type, rank, group_name, my_deck_id, turn, result, opponent_deck_id, season, created_at, updated_at) VALUES ('539', NULL, '2025-11-29', '0', 'トパーズ', 'Master', '2', '後攻', 'WIN', '30', 6, datetime('now'), datetime('now'));
INSERT INTO battle_logs (id, user_id, date, battle_type, rank, group_name, my_deck_id, turn, result, opponent_deck_id, season, created_at, updated_at) VALUES ('540', NULL, '2025-11-29', '0', 'トパーズ', 'Master', '2', '先行', 'WIN', '12', 6, datetime('now'), datetime('now'));
INSERT INTO battle_logs (id, user_id, date, battle_type, rank, group_name, my_deck_id, turn, result, opponent_deck_id, season, created_at, updated_at) VALUES ('541', NULL, '2025-11-29', '1', 'トパーズ', 'Master', '2', '後攻', 'LOSE', '6', 6, datetime('now'), datetime('now'));
INSERT INTO battle_logs (id, user_id, date, battle_type, rank, group_name, my_deck_id, turn, result, opponent_deck_id, season, created_at, updated_at) VALUES ('542', NULL, '2025-11-29', '1', 'トパーズ', 'Master', '2', '後攻', 'LOSE', '34', 6, datetime('now'), datetime('now'));
INSERT INTO battle_logs (id, user_id, date, battle_type, rank, group_name, my_deck_id, turn, result, opponent_deck_id, season, created_at, updated_at) VALUES ('543', NULL, '2025-11-29', '0', 'トパーズ', 'Master', '2', '先行', 'WIN', '11', 6, datetime('now'), datetime('now'));
INSERT INTO battle_logs (id, user_id, date, battle_type, rank, group_name, my_deck_id, turn, result, opponent_deck_id, season, created_at, updated_at) VALUES ('544', NULL, '2025-11-30', '1', 'トパーズ', 'Master', '2', '後攻', 'LOSE', '17', 6, datetime('now'), datetime('now'));
INSERT INTO battle_logs (id, user_id, date, battle_type, rank, group_name, my_deck_id, turn, result, opponent_deck_id, season, created_at, updated_at) VALUES ('545', NULL, '2025-11-30', '1', 'トパーズ', 'Master', '2', '後攻', 'LOSE', '17', 6, datetime('now'), datetime('now'));
INSERT INTO battle_logs (id, user_id, date, battle_type, rank, group_name, my_deck_id, turn, result, opponent_deck_id, season, created_at, updated_at) VALUES ('546', NULL, '2025-11-30', '0', 'トパーズ', 'Master', '2', '先行', 'WIN', '5', 6, datetime('now'), datetime('now'));
INSERT INTO battle_logs (id, user_id, date, battle_type, rank, group_name, my_deck_id, turn, result, opponent_deck_id, season, created_at, updated_at) VALUES ('547', NULL, '2025-11-30', '0', 'トパーズ', 'Master', '2', '後攻', 'WIN', '17', 6, datetime('now'), datetime('now'));
INSERT INTO battle_logs (id, user_id, date, battle_type, rank, group_name, my_deck_id, turn, result, opponent_deck_id, season, created_at, updated_at) VALUES ('548', NULL, '2025-11-30', '0', 'トパーズ', 'Master', '2', '後攻', 'WIN', '34', 6, datetime('now'), datetime('now'));
INSERT INTO battle_logs (id, user_id, date, battle_type, rank, group_name, my_deck_id, turn, result, opponent_deck_id, season, created_at, updated_at) VALUES ('549', NULL, '2025-11-30', '0', 'トパーズ', 'Master', '2', '後攻', 'WIN', '17', 6, datetime('now'), datetime('now'));
INSERT INTO battle_logs (id, user_id, date, battle_type, rank, group_name, my_deck_id, turn, result, opponent_deck_id, season, created_at, updated_at) VALUES ('550', NULL, '2025-11-30', '0', 'トパーズ', 'Master', '2', '先行', 'WIN', '30', 6, datetime('now'), datetime('now'));
INSERT INTO battle_logs (id, user_id, date, battle_type, rank, group_name, my_deck_id, turn, result, opponent_deck_id, season, created_at, updated_at) VALUES ('551', NULL, '2025-11-30', '1', 'トパーズ', 'Master', '2', '後攻', 'LOSE', '21', 6, datetime('now'), datetime('now'));
INSERT INTO battle_logs (id, user_id, date, battle_type, rank, group_name, my_deck_id, turn, result, opponent_deck_id, season, created_at, updated_at) VALUES ('552', NULL, '2025-11-30', '1', 'トパーズ', 'Master', '2', '後攻', 'LOSE', '11', 6, datetime('now'), datetime('now'));
INSERT INTO battle_logs (id, user_id, date, battle_type, rank, group_name, my_deck_id, turn, result, opponent_deck_id, season, created_at, updated_at) VALUES ('553', NULL, '2025-11-30', '0', 'トパーズ', 'Master', '2', '先行', 'WIN', '17', 6, datetime('now'), datetime('now'));
INSERT INTO battle_logs (id, user_id, date, battle_type, rank, group_name, my_deck_id, turn, result, opponent_deck_id, season, created_at, updated_at) VALUES ('554', NULL, '2025-11-30', '0', 'ルビー', 'Master', '2', '後攻', 'WIN', '23', 6, datetime('now'), datetime('now'));
INSERT INTO battle_logs (id, user_id, date, battle_type, rank, group_name, my_deck_id, turn, result, opponent_deck_id, season, created_at, updated_at) VALUES ('555', NULL, '2025-11-30', '0', 'ルビー', 'Master', '2', '先行', 'WIN', '21', 6, datetime('now'), datetime('now'));
INSERT INTO battle_logs (id, user_id, date, battle_type, rank, group_name, my_deck_id, turn, result, opponent_deck_id, season, created_at, updated_at) VALUES ('556', NULL, '2025-12-01', '0', 'ルビー', 'Master', '2', '先行', 'WIN', '5', 6, datetime('now'), datetime('now'));
INSERT INTO battle_logs (id, user_id, date, battle_type, rank, group_name, my_deck_id, turn, result, opponent_deck_id, season, created_at, updated_at) VALUES ('557', NULL, '2025-12-01', '0', 'ルビー', 'Master', '2', '先行', 'WIN', '24', 6, datetime('now'), datetime('now'));
INSERT INTO battle_logs (id, user_id, date, battle_type, rank, group_name, my_deck_id, turn, result, opponent_deck_id, season, created_at, updated_at) VALUES ('558', NULL, '2025-12-01', '0', 'ルビー', 'Master', '2', '後攻', 'WIN', '5', 6, datetime('now'), datetime('now'));
INSERT INTO battle_logs (id, user_id, date, battle_type, rank, group_name, my_deck_id, turn, result, opponent_deck_id, season, created_at, updated_at) VALUES ('559', NULL, '2025-12-01', '0', 'ルビー', 'Master', '2', '先行', 'WIN', '30', 6, datetime('now'), datetime('now'));
INSERT INTO battle_logs (id, user_id, date, battle_type, rank, group_name, my_deck_id, turn, result, opponent_deck_id, season, created_at, updated_at) VALUES ('560', NULL, '2025-12-01', '0', 'ルビー', 'Master', '2', '先行', 'WIN', '3', 6, datetime('now'), datetime('now'));
INSERT INTO battle_logs (id, user_id, date, battle_type, rank, group_name, my_deck_id, turn, result, opponent_deck_id, season, created_at, updated_at) VALUES ('561', NULL, '2025-12-01', '1', 'ルビー', 'Master', '2', '先行', 'LOSE', '11', 6, datetime('now'), datetime('now'));
INSERT INTO battle_logs (id, user_id, date, battle_type, rank, group_name, my_deck_id, turn, result, opponent_deck_id, season, created_at, updated_at) VALUES ('562', NULL, '2025-12-01', '0', 'ルビー', 'Master', '2', '後攻', 'WIN', '34', 6, datetime('now'), datetime('now'));
INSERT INTO battle_logs (id, user_id, date, battle_type, rank, group_name, my_deck_id, turn, result, opponent_deck_id, season, created_at, updated_at) VALUES ('563', NULL, '2025-12-02', '1', 'ルビー', 'Master', '2', '後攻', 'LOSE', '34', 6, datetime('now'), datetime('now'));
INSERT INTO battle_logs (id, user_id, date, battle_type, rank, group_name, my_deck_id, turn, result, opponent_deck_id, season, created_at, updated_at) VALUES ('564', NULL, '2025-12-02', '1', 'ルビー', 'Master', '2', '後攻', 'LOSE', '30', 6, datetime('now'), datetime('now'));
INSERT INTO battle_logs (id, user_id, date, battle_type, rank, group_name, my_deck_id, turn, result, opponent_deck_id, season, created_at, updated_at) VALUES ('565', NULL, '2025-12-02', '0', 'ルビー', 'Master', '2', '先行', 'WIN', '2', 6, datetime('now'), datetime('now'));
INSERT INTO battle_logs (id, user_id, date, battle_type, rank, group_name, my_deck_id, turn, result, opponent_deck_id, season, created_at, updated_at) VALUES ('566', NULL, '2025-12-02', '0', 'ルビー', 'Master', '2', '後攻', 'WIN', '33', 6, datetime('now'), datetime('now'));
INSERT INTO battle_logs (id, user_id, date, battle_type, rank, group_name, my_deck_id, turn, result, opponent_deck_id, season, created_at, updated_at) VALUES ('567', NULL, '2025-12-02', '1', 'ルビー', 'Master', '2', '先行', 'LOSE', '34', 6, datetime('now'), datetime('now'));
INSERT INTO battle_logs (id, user_id, date, battle_type, rank, group_name, my_deck_id, turn, result, opponent_deck_id, season, created_at, updated_at) VALUES ('568', NULL, '2025-12-02', '1', 'ルビー', 'Master', '2', '後攻', 'LOSE', '11', 6, datetime('now'), datetime('now'));
INSERT INTO battle_logs (id, user_id, date, battle_type, rank, group_name, my_deck_id, turn, result, opponent_deck_id, season, created_at, updated_at) VALUES ('569', NULL, '2025-12-02', '0', 'ルビー', 'Master', '2', '先行', 'WIN', '11', 6, datetime('now'), datetime('now'));
INSERT INTO battle_logs (id, user_id, date, battle_type, rank, group_name, my_deck_id, turn, result, opponent_deck_id, season, created_at, updated_at) VALUES ('570', NULL, '2025-12-02', '0', 'ルビー', 'Master', '2', '先行', 'WIN', '34', 6, datetime('now'), datetime('now'));
INSERT INTO battle_logs (id, user_id, date, battle_type, rank, group_name, my_deck_id, turn, result, opponent_deck_id, season, created_at, updated_at) VALUES ('571', NULL, '2025-12-03', '1', 'サファイア', 'Master', '2', '先行', 'LOSE', '9', 6, datetime('now'), datetime('now'));
INSERT INTO battle_logs (id, user_id, date, battle_type, rank, group_name, my_deck_id, turn, result, opponent_deck_id, season, created_at, updated_at) VALUES ('572', NULL, '2025-12-03', '1', 'サファイア', 'Master', '2', '後攻', 'LOSE', '20', 6, datetime('now'), datetime('now'));
INSERT INTO battle_logs (id, user_id, date, battle_type, rank, group_name, my_deck_id, turn, result, opponent_deck_id, season, created_at, updated_at) VALUES ('573', NULL, '2025-12-03', '1', 'サファイア', 'Master', '2', '先行', 'LOSE', '11', 6, datetime('now'), datetime('now'));
INSERT INTO battle_logs (id, user_id, date, battle_type, rank, group_name, my_deck_id, turn, result, opponent_deck_id, season, created_at, updated_at) VALUES ('574', NULL, '2025-12-03', '1', 'サファイア', 'Master', '2', '先行', 'LOSE', '20', 6, datetime('now'), datetime('now'));
INSERT INTO battle_logs (id, user_id, date, battle_type, rank, group_name, my_deck_id, turn, result, opponent_deck_id, season, created_at, updated_at) VALUES ('575', NULL, '2025-12-03', '1', 'サファイア', 'Master', '2', '先行', 'LOSE', '11', 6, datetime('now'), datetime('now'));
INSERT INTO battle_logs (id, user_id, date, battle_type, rank, group_name, my_deck_id, turn, result, opponent_deck_id, season, created_at, updated_at) VALUES ('576', NULL, '2025-12-03', '1', 'サファイア', 'Master', '2', '後攻', 'LOSE', '9', 6, datetime('now'), datetime('now'));
INSERT INTO battle_logs (id, user_id, date, battle_type, rank, group_name, my_deck_id, turn, result, opponent_deck_id, season, created_at, updated_at) VALUES ('577', NULL, '2025-12-03', '1', 'サファイア', 'Master', '2', '後攻', 'LOSE', '20', 6, datetime('now'), datetime('now'));
INSERT INTO battle_logs (id, user_id, date, battle_type, rank, group_name, my_deck_id, turn, result, opponent_deck_id, season, created_at, updated_at) VALUES ('578', NULL, '2025-12-03', '1', 'サファイア', 'Master', '2', '後攻', 'LOSE', '30', 6, datetime('now'), datetime('now'));
INSERT INTO battle_logs (id, user_id, date, battle_type, rank, group_name, my_deck_id, turn, result, opponent_deck_id, season, created_at, updated_at) VALUES ('579', NULL, '2025-12-03', '1', 'サファイア', 'Master', '2', '後攻', 'LOSE', '5', 6, datetime('now'), datetime('now'));
INSERT INTO battle_logs (id, user_id, date, battle_type, rank, group_name, my_deck_id, turn, result, opponent_deck_id, season, created_at, updated_at) VALUES ('580', NULL, '2025-12-03', '1', 'サファイア', 'Master', '2', '後攻', 'LOSE', '30', 6, datetime('now'), datetime('now'));
INSERT INTO battle_logs (id, user_id, date, battle_type, rank, group_name, my_deck_id, turn, result, opponent_deck_id, season, created_at, updated_at) VALUES ('581', NULL, '2025-12-03', '0', 'サファイア', 'Master', '2', '先行', 'WIN', '17', 6, datetime('now'), datetime('now'));
INSERT INTO battle_logs (id, user_id, date, battle_type, rank, group_name, my_deck_id, turn, result, opponent_deck_id, season, created_at, updated_at) VALUES ('582', NULL, '2025-12-03', '0', 'サファイア', 'Master', '2', '後攻', 'WIN', '33', 6, datetime('now'), datetime('now'));
INSERT INTO battle_logs (id, user_id, date, battle_type, rank, group_name, my_deck_id, turn, result, opponent_deck_id, season, created_at, updated_at) VALUES ('583', NULL, '2025-12-03', '0', 'サファイア', 'Master', '2', '先行', 'WIN', '30', 6, datetime('now'), datetime('now'));
INSERT INTO battle_logs (id, user_id, date, battle_type, rank, group_name, my_deck_id, turn, result, opponent_deck_id, season, created_at, updated_at) VALUES ('584', NULL, '2025-12-04', '0', 'サファイア', 'Master', '2', '先行', 'WIN', '11', 6, datetime('now'), datetime('now'));
INSERT INTO battle_logs (id, user_id, date, battle_type, rank, group_name, my_deck_id, turn, result, opponent_deck_id, season, created_at, updated_at) VALUES ('585', NULL, '2025-12-04', '0', 'サファイア', 'Master', '2', '先行', 'WIN', '11', 6, datetime('now'), datetime('now'));
INSERT INTO battle_logs (id, user_id, date, battle_type, rank, group_name, my_deck_id, turn, result, opponent_deck_id, season, created_at, updated_at) VALUES ('586', NULL, '2025-12-04', '0', 'サファイア', 'Master', '2', '先行', 'WIN', '2', 6, datetime('now'), datetime('now'));
INSERT INTO battle_logs (id, user_id, date, battle_type, rank, group_name, my_deck_id, turn, result, opponent_deck_id, season, created_at, updated_at) VALUES ('587', NULL, '2025-12-04', '0', 'サファイア', 'Master', '2', '先行', 'WIN', '20', 6, datetime('now'), datetime('now'));
INSERT INTO battle_logs (id, user_id, date, battle_type, rank, group_name, my_deck_id, turn, result, opponent_deck_id, season, created_at, updated_at) VALUES ('588', NULL, '2025-12-04', '0', '-', 'GrandMaster0', '2', '先行', 'WIN', '5', 6, datetime('now'), datetime('now'));
INSERT INTO battle_logs (id, user_id, date, battle_type, rank, group_name, my_deck_id, turn, result, opponent_deck_id, season, created_at, updated_at) VALUES ('589', NULL, '2025-12-04', '0', '-', 'GrandMaster0', '2', '先行', 'WIN', '3', 6, datetime('now'), datetime('now'));
INSERT INTO battle_logs (id, user_id, date, battle_type, rank, group_name, my_deck_id, turn, result, opponent_deck_id, season, created_at, updated_at) VALUES ('590', NULL, '2025-12-04', '1', '-', 'GrandMaster0', '2', '後攻', 'LOSE', '31', 6, datetime('now'), datetime('now'));
INSERT INTO battle_logs (id, user_id, date, battle_type, rank, group_name, my_deck_id, turn, result, opponent_deck_id, season, created_at, updated_at) VALUES ('591', NULL, '2025-12-04', '0', '-', 'GrandMaster0', '2', '先行', 'WIN', '30', 6, datetime('now'), datetime('now'));
INSERT INTO battle_logs (id, user_id, date, battle_type, rank, group_name, my_deck_id, turn, result, opponent_deck_id, season, created_at, updated_at) VALUES ('592', NULL, '2025-12-05', '0', '-', 'GrandMaster0', '2', '後攻', 'WIN', '9', 6, datetime('now'), datetime('now'));
INSERT INTO battle_logs (id, user_id, date, battle_type, rank, group_name, my_deck_id, turn, result, opponent_deck_id, season, created_at, updated_at) VALUES ('593', NULL, '2025-12-05', '1', '-', 'GrandMaster0', '2', '先行', 'LOSE', '4', 6, datetime('now'), datetime('now'));
INSERT INTO battle_logs (id, user_id, date, battle_type, rank, group_name, my_deck_id, turn, result, opponent_deck_id, season, created_at, updated_at) VALUES ('594', NULL, '2025-12-05', '1', '-', 'GrandMaster0', '2', '後攻', 'LOSE', '34', 6, datetime('now'), datetime('now'));
INSERT INTO battle_logs (id, user_id, date, battle_type, rank, group_name, my_deck_id, turn, result, opponent_deck_id, season, created_at, updated_at) VALUES ('595', NULL, '2025-12-05', '1', '-', 'GrandMaster0', '2', '後攻', 'LOSE', '33', 6, datetime('now'), datetime('now'));
